"GEOID","wlk_tr_d","wlk_cnt_d","sqmi","e_wlk_den","a_wlk_den"
"42017100102",496.926679622964,1629.90223695142,3.96221326333723,125.416439397919,411.361561991899
"42017100103",369.302341926585,1541.92129164603,0.591497733155803,624.35123792657,2606.80845456407
"42017100104",1250.20644625387,1613.25051230182,0.755898998277015,1653.93319623862,2134.2143804649
"42017100105",791.748079691494,1628.35909161959,1.02715670489518,770.815276693625,1585.30736727825
"42017100201",720.532897986973,1633.0266574025,2.52810906116071,285.008629198996,645.947867712931
"42017100206",1538.08598716225,1653.93692980528,1.82010073860477,845.055416186082,908.706257145487
"42017100207",1564.18316324356,1647.00022172523,1.99544001598514,783.878819064038,825.381975169076
"42017100208",3432.26687706185,1630.8378477333,1.62062273610313,2117.86913795552,1006.30320148089
"42017100209",3630.98698015245,1659.37331715405,1.85366329059559,1958.81689979727,895.185941035107
"42017100210",1473.52720014684,1667.72209449108,2.57058562416115,573.226266535156,648.77126784497
"42017100211",2001.68005486507,1661.43581087153,1.16009690944133,1725.44210623665,1432.15260496784
"42017100212",1552.12827076738,1667.37310033317,1.05255466936404,1474.62959971969,1584.12018763892
"42017100302",966.00686836317,1692.36263191676,3.50488101118391,275.617593088235,482.858797921103
"42017100303",1217.7554328162,1682.19231299286,2.52944045287939,481.432734038064,665.045232070173
"42017100304",784.85690366429,1677.1580595479,1.57873074606426,497.144244274028,1062.34585202639
"42017100306",855.898871871081,1685.13958646251,0.612871762880345,1396.53827066297,2749.57942024082
"42017100307",926.088006399274,1683.0701558693,0.92100466819285,1005.5193403269,1827.42847457195
"42017100401",1275.69885302232,1670.24122055161,1.25276541349068,1018.30625214001,1333.24340101128
"42017100402",1434.59501514145,1666.81368051997,1.33090438793827,1077.90989957123,1252.39175377734
"42017100403",657.954928115755,1670.68676857089,1.8098408682787,363.542972008098,923.112522130106
"42017100404",1919.83834996795,1655.15023855433,1.13944175393211,1684.89380290195,1452.59749596024
"42017100406",704.422984560953,1643.69484384345,1.09367367797129,644.088816206697,1502.91158775295
"42017100407",175.010127196742,1629.31038184263,0.249873315462216,700.395425870136,6520.54573666148
"42017100408",1280.35242252089,1646.84270563199,1.19211606452312,1074.01658330397,1381.44494033874
"42017100500",1530.55103559761,1687.95368270608,0.67692866016293,2261.02265374496,2493.5473736624
"42017100600",1129.83537967491,1695.02662024171,0.562508245242973,2008.56678853993,3013.33648808926
"42017100700",2591.56827718329,1691.14333829298,0.732381844881864,3538.54795185607,2309.10057384857
"42017100803",1763.97911608706,1655.8467640396,1.19996752013227,1470.02238518308,1379.90965276884
"42017100804",828.356142648926,1662.50781636824,0.985054810991288,840.92390941711,1687.73127933379
"42017100805",1716.00199724048,1661.67106030977,1.5294413834458,1121.97957752023,1086.45619132265
"42017100807",1188.465525272,1655.0767484265,3.3853231902029,351.06412549071,488.89770796959
"42017100808",1413.51889527478,1657.97844842164,3.82761370596684,369.295076217136,433.162428548376
"42017100809",1326.50151213859,1644.04942045192,3.05381853377257,434.374700876505,538.35858361267
"42017100811",1065.74604138745,1667.42242862026,0.72248590721563,1475.10979901974,2307.89612913876
"42017100900",2583.29298246918,1662.30954588866,3.59613130167067,718.353354136165,462.249402605626
"42017101100",1647.77054900613,1664.9770260731,0.411989915037429,3999.54098113404,4041.30529729554
"42017101401",1680.14672755956,1621.47432494299,2.31008338905853,727.309990417403,701.911598785974
"42017101403",954.859659206383,1658.5685008757,1.82119337139786,524.304378767578,910.704226648191
"42017101404",647.704893191942,1649.44449859183,1.21519529215241,533.004774931852,1357.34931598546
"42017101405",2272.15283508154,1643.76818525889,1.34622767526615,1687.79239710128,1221.01797152099
"42017101503",999.181162788107,1648.7066977912,2.00337055126687,498.750050087466,822.966423634711
"42017101504",654.889691697603,1666.01972812235,0.993773576519833,658.992860316339,1676.45806598793
"42017101505",782.290462558987,1658.2278651035,1.83686374647674,425.883772848958,902.74951981829
"42017101506",1735.61172214001,1668.58224639741,1.79452305832684,967.171591407826,929.81934038404
"42017101603",991.53666090047,1680.6751164798,0.7793737145642,1272.22235286047,2156.44316080069
"42017101605",1301.05149658189,1678.3909169567,0.820907547606892,1584.89406069504,2044.55534834531
"42017101607",728.403789713437,1673.65398254316,1.02661343895037,709.520996002321,1630.26697201074
"42017101609",1652.81544541493,1679.88421510653,1.69748659264918,973.683946943857,989.630328970566
"42017101610",2261.94339910418,1679.49290888855,1.84470059943941,1226.18456338745,910.442003108221
"42017101611",1387.64388745999,1680.86489356368,1.94919053385451,711.907770614878,862.339963369195
"42017101802",2720.35127236032,1658.95176505042,5.05777616694876,537.85521196788,328.000233757127
"42017101803",2400.70424510333,1671.12873235428,5.58378438356361,429.942146793853,299.282461062323
"42017101805",496.674705382523,1673.80355667968,1.02139105152748,486.272818466298,1638.74899253966
"42017101807",1120.08444420871,1676.06688279752,1.09659401376713,1021.42126452148,1528.42972126003
"42017101808",730.190813383238,1677.60424074922,1.01138349891561,721.972243136391,1658.72217862751
"42017101900",1222.64589471453,1646.97135285978,1.64346766945399,743.942772613668,1002.13188459433
"42017102002",1011.62547992367,1650.30288930478,8.38457204917493,120.653203764075,196.826132523624
"42017102003",1454.72130258093,1635.25841409272,4.82454113859966,301.525318323468,338.945894980461
"42017102004",1896.39178040259,1649.25684716275,2.05858728646543,921.210284776738,801.159541791648
"42017102102",2087.55260578028,1641.26647542892,10.6918169474291,195.247694198716,153.506787807808
"42017102104",2660.57485242374,1613.60112410099,8.39185885022249,317.042374032923,192.281728387056
"42017102300",1859.63063182298,NA,13.064798870567,142.339017251344,NA
"42017102401",1360.46166328449,NA,1.23704800685651,1099.76464595064,NA
"42017102402",1621.23032888062,1616.78463241822,1.33334131541606,1215.91546750707,1212.58121512098
"42017102500",1435.0480557934,1609.47610388303,1.17262402550372,1223.79213164847,1372.54232292542
"42017102600",706.1004435365,1593.59386406267,0.543817519444643,1298.41429944659,2930.3834596761
"42017102700",986.103231749763,1591.93666854732,16.4078018139949,60.0996552084556,97.0231531678726
"42017102801",1489.80827975948,NA,10.8274966858187,137.594895938482,NA
"42017103101",905.366667417328,NA,0.432900711284663,2091.3956568253,NA
"42017103102",464.607142887798,NA,0.607808469175926,764.397283765588,NA
"42017103103",3025.88755987112,NA,0.993815434952643,3044.71781525039,NA
"42017103300",759.623732943611,NA,21.0098257107595,36.1556418126113,NA
"42017103400",2826.85766088881,NA,30.6722456878344,92.163374330626,NA
"42017103700",3386.51752557847,NA,22.3834451236076,151.295634200954,NA
"42017103800",693.910855590835,NA,6.80877166463026,101.914249701678,NA
"42017103900",1619.4747073179,NA,30.9833642070955,52.2691692384722,NA
"42017104000",4636.77299610931,NA,31.203631032968,148.597225470663,NA
"42017104100",858.949598879282,NA,0.583437813705407,1472.22133825043,NA
"42017104201",1284.75951606413,NA,13.2436719802209,97.0093126727153,NA
"42017104203",2574.47985757599,1660.46222352947,8.02871431956859,320.659043914558,206.815457299606
"42017104204",2703.29877295371,1656.54912175425,5.97334362679788,452.56039863939,277.323593828182
"42017104301",1360.61374501331,1660.96984137557,10.8543955331444,125.351406336596,153.02278568196
"42017104303",2104.11198680384,1657.37256532936,9.68291526491532,217.301497455812,171.164625527047
"42017104304",446.419463067582,1652.99755977939,6.53026013734021,68.361666101928,253.128899157861
"42017104400",2081.61124151147,1647.10349538803,1.43411721312529,1451.49310144262,1148.51385947637
"42017104502",3260.78647798643,1668.19524368302,18.9970315478841,171.647158124008,87.8134691453318
"42017104503",1826.81472893116,1665.85829860838,5.33227190988906,342.595944055893,312.410605978088
"42017104505",2836.93195557941,1663.76972532377,3.13805288471282,904.04211139961,530.191741964869
"42017104506",901.58479114117,1663.38361152924,5.5432557318616,162.64535405773,300.073403066797
"42017104601",1338.61470858317,1669.91598050672,5.18946501232917,257.948498622281,321.789621192034
"42017104603",2418.20372048398,1664.43166953045,5.94019785073852,407.091443963157,280.198018879711
"42017104604",1901.87268321905,1658.95268226189,4.39172812849048,433.05792789882,377.744849800642
"42017104701",1457.85564944145,1663.21623129487,0.879418848801469,1657.74892297147,1891.26743594547
"42017104702",4287.74682744074,1664.84546105844,0.536972178141225,7985.04466708711,3100.43150991815
"42017104703",1379.78707607044,1665.78719365774,0.860018461178238,1604.36913665796,1936.92027421782
"42017104800",2620.42650817882,1655.73306591412,1.19973930014627,2184.16326601899,1380.07737657027
"42017104901",2358.06585946988,1675.63060694748,4.25053981255437,554.768561984789,394.215953935626
"42017104902",1504.51147574766,1676.9968304372,6.85290310400057,219.543666810254,244.713343379714
"42017105003",1904.1999718147,1670.53439554546,4.84107014409965,393.342776521335,345.075437004674
"42017105004",1861.84611285332,1666.70191606992,3.6520944049223,509.802296004157,456.368793157026
"42017105006",1626.20070160638,1663.87589538005,3.63877149694112,446.909266760339,457.263089143896
"42017105008",2208.55835393105,1676.06938770924,6.31758871287532,349.588815338672,265.302073921556
"42017105009",936.418995599386,1667.4564179968,1.00091781155883,935.560327516804,1665.92741056321
"42017105010",926.853357486398,1667.16798322243,1.21922436569418,760.199175447646,1367.40048028256
"42017105011",867.384690706843,1664.51233983617,1.43691662767456,603.643018670177,1158.39173114027
"42017105012",778.358813420945,1669.56926142847,1.20374501970732,646.614358255203,1386.97916427053
"42017105013",1916.85678605123,1673.7903442257,2.79384090545337,686.100909436063,599.100092263159
"42017105100",1048.48748023351,1667.69222170155,9.78876129601401,107.111354391741,170.368054881534
"42017105202",1791.68968363127,1655.10617729905,2.52044050837247,710.863707228791,656.673375864683
"42017105203",1132.39123863314,1663.9644535076,3.26761362662436,346.549919307004,509.229255242938
"42017105206",1712.6485977285,1647.39647683493,2.75092708570972,622.571425693256,598.851378283589
"42017105207",2017.53349501692,1659.75031578259,1.46903659807313,1373.37183951934,1129.82230528471
"42017105208",1144.66260575565,1654.80045292309,1.95023866924977,586.934626927475,848.51176372155
"42017105300",1112.36884867617,1657.13673937613,0.552267393479178,2014.18526932844,3000.60579158312
"42017105400",2839.45375057696,1641.13757323751,21.7869909332697,130.327944748028,75.3264908524571
"42017105505",1517.65565555729,1534.5258078738,2.18401183040772,694.893514049313,702.617900923793
"42017105506",1736.57871872954,1602.8194656545,2.23595791535191,776.659840870135,716.83793985999
"42017105507",2710.04843713681,1567.88162510699,2.8858002789334,939.097711272815,543.309125220018
"42017105508",887.589456936938,1624.67371140887,3.86645122499744,229.561788132353,420.197648144376
"42017105509",2394.68970435351,1616.95475014699,4.17086994706996,574.146337513061,387.678055337808
"42017105510",1019.40167864335,1630.750518528,1.15863215057329,879.832031364701,1407.47908447138
"42017105511",1687.59291559718,1615.57651641525,1.74283929256619,968.300934455254,926.979626467133
"42017105600",903.823370449703,1581.53041433525,1.02185621518389,884.49172889461,1547.70347416309
"42017105702",639.460127241119,1454.97158068401,1.06805490556943,598.714657745232,1362.26290717544
"42017105704",1931.17754522779,1507.65638270028,1.03667801870406,1862.85183093005,1454.31499028501
"42017105801",1755.31878365406,1578.68324965177,3.46431813920179,506.685215711311,455.698116113411
"42017105805",1955.29378235282,1552.77292625218,5.41357251568601,361.183631823031,286.829616072006
"42017105807",1575.77045787831,1644.78808147286,0.603654512457978,2610.38462457945,2724.71761169409
"42017105808",1087.2423831834,1622.51212830112,0.912748701112293,1191.17384868198,1777.61099667839
"42017105809",1036.99521611036,1616.16900857569,1.22624582110367,845.666666718605,1317.98125690743
"42017105810",546.360217555719,1605.47799117648,0.51854174046724,1053.64751748512,3096.14032176048
"42017105811",1079.1442920763,1620.81335664983,0.891816449050277,1210.05201600118,1817.42931337035
"42017105812",641.830367455606,1634.37716774644,0.329414290494906,1948.39867599955,4961.46407398106
"42017105900",285.553181900903,1645.94830484544,2.11424368782044,135.061622057048,778.504537734834
"42017106000",1203.3936432055,1667.29841125914,1.39331962243065,863.688147236581,1196.63742935776
"42017106100",2286.84859663062,1662.98854573329,1.09550591520811,2087.48174234751,1518.0096452673
"42017106200",1176.40123174735,1676.51212231668,2.40382417573977,489.387386823048,697.435419460634
"42017106300",3972.14597842143,1629.31058472746,8.33052896467929,476.817978217588,195.583088617253
"42017106401",1954.96708167808,NA,7.94180177356624,246.161656689173,NA
"42017106402",2754.44370563674,NA,17.5672881693807,156.793904618566,NA
"42017106500",3191.45732232877,NA,13.0643660200022,244.287194452643,NA
"42017106600",1257.54639783826,NA,10.4384132195767,120.472946547067,NA
"42017980000",NA,1587.80340098096,13.1011513930748,NA,121.195714280523
"42029300101",1393.33157231707,1208.92721173876,2.4962448863059,558.171027193972,484.298322801097
"42029300103",1164.31598565124,976.23968770599,0.82514131004589,1411.05041218514,1183.11818329844
"42029300104",1937.48858771322,516.935749339842,2.53210164687706,765.170146349695,204.152842749184
"42029300106",2452.97561893673,1042.44032526556,1.5563629134207,1576.09487978956,669.792576189321
"42029300107",2114.78810442028,1138.27592724513,7.9536443507853,265.889196341986,143.113757297023
"42029300108",3161.45674869713,1133.57540865468,2.45909123004469,1285.61995182248,460.973303798119
"42029300109",1986.08974753951,1289.607072238,2.01519359178312,985.557792381695,639.942027156263
"42029300201",2584.43583746138,722.913242831471,2.47747899555089,1043.17164428137,291.793893764466
"42029300202",2377.42336725563,1167.31596446673,5.78772392482551,410.770001840975,201.688259431261
"42029300301",2342.83517160606,1476.63211018372,11.471571277228,204.229666101346,128.720998588481
"42029300302",2003.3131089846,1346.1594456881,5.58942685952569,358.411185857184,240.840336499605
"42029300303",1813.26777427882,1182.21984074838,1.19268622620848,1520.32255796493,991.224527264501
"42029300400",1353.61632459984,1325.86388092774,1.26492433045127,1070.11644255189,1048.17643949874
"42029300501",3176.16816554066,1313.55681571599,5.74098431966352,553.244528932422,228.803414636914
"42029300502",2139.83761729153,1369.12148716175,3.0486794542815,701.889998401239,449.086730072258
"42029300600",2176.44851496141,1343.89899834991,1.76302207824559,1234.49872909546,762.270090053124
"42029300700",4910.3754660944,1364.34383097894,0.484028712356439,10144.8020349636,2818.72499740105
"42029300800",2063.38359571759,1380.23967059698,0.876021143648867,2355.40387429809,1575.57803325147
"42029300900",1169.36013660302,1360.96682302063,0.704964585396574,1658.75018522412,1930.54637241816
"42029301000",3043.76231007633,1396.6649131183,8.87951721382591,342.784662361712,157.290636358429
"42029301100",1054.85862772738,1328.36570120134,0.820233595617983,1286.04660106933,1619.49682175663
"42029301300",2395.79496746591,1123.26086374741,10.9141238589922,219.513265418186,102.91809752754
"42029301401",644.388891314181,541.784157019229,2.3472189985981,274.532922449524,230.819602833317
"42029301402",1992.99083281417,793.948561151222,11.0977424313196,179.585248544752,71.5414478273142
"42029301500",1131.89497077734,1222.72916474046,7.59025046460542,149.124851156829,161.092070734984
"42029301600",718.531499950374,NA,18.8761032919151,38.065669001617,NA
"42029301700",747.398025578941,NA,16.3689946298646,45.6593726419424,NA
"42029301800",3973.69398064293,1417.67513914842,17.8393309628309,222.7490475356,79.4690754996477
"42029301900",2613.80690331673,1477.19358142562,9.9366410605853,263.047330318156,148.661260119887
"42029302000",3791.12139400796,1419.21717561243,12.5339131448456,302.469097256111,113.230174743636
"42029302101",2963.5679587251,1424.02668906394,8.50393932498219,348.493544635127,167.454944660829
"42029302102",3627.62135300322,1446.43317853212,2.49853843306016,1451.89735927343,578.911718704504
"42029302202",4576.34386632829,1532.37369895172,7.5495811340082,606.171890214343,202.974664653767
"42029302203",1872.50805065408,1572.4507921296,2.76325162654935,677.646593116242,569.058125948967
"42029302204",2175.02460582827,1538.63616454644,2.60063068977306,836.345050599273,591.639624417684
"42029302300",2001.51034922344,1605.95162074264,0.405605419869723,4934.62427071687,3959.39388891414
"42029302400",6570.0804638245,1613.49720394925,0.492082451711075,13351.5845586018,3278.91636521233
"42029302500",9400.00877450519,1622.76716401574,0.440460335294605,21341.3286538456,3684.2526647271
"42029302600",15445.378834168,1614.81282341733,0.413377693514258,37363.8420178451,3906.38597281164
"42029302702",2226.20238423295,1589.05801668181,1.70465964695477,1305.95124264828,932.184920034054
"42029302703",1434.48859706511,1583.74755821694,4.49023588793922,319.468427241906,352.709211217808
"42029302704",1613.38186706529,1563.82105499456,1.95329764144317,825.978505699349,800.605612690523
"42029302705",2072.14274979087,1600.33731106856,1.10090355709697,1882.22005136854,1453.65804366058
"42029302706",2001.4272553725,1620.18300126375,2.72198650856434,735.281842534965,595.220805160525
"42029302802",1597.25985165968,1513.98495789009,3.93543766406848,405.865875158704,384.705612723369
"42029302803",111.44151028596,1511.63548417601,1.12124564331044,99.3908078491464,1348.17512397458
"42029302804",1057.93978427734,1531.00022527142,2.85961258806297,369.959129671464,535.387286957106
"42029302805",2037.96417250195,1572.42145400511,2.23900757832681,910.208697920039,702.285007530061
"42029302901",2054.54505459262,1608.85482037565,3.96796971811746,517.78244304933,405.4604582867
"42029302902",3121.78068374871,1644.31083749613,4.75501237983193,656.524196864246,345.805795263618
"42029303000",1461.47337884982,1657.35531122459,3.86912153276245,377.727441868791,428.354420296869
"42029303100",2110.82850251455,1670.58945993512,6.44853185743826,327.334740554898,259.06508595567
"42029303301",2822.48699899683,NA,5.99454640776548,470.842463633363,NA
"42029303302",3131.01732353231,NA,9.60062587402599,326.12637599004,NA
"42029303401",4651.31231454055,NA,0.669224571850175,6950.30115478467,NA
"42029303402",894.596357935671,NA,0.401031795932017,2230.73673212516,NA
"42029303501",3187.54601901873,NA,6.57164113397307,485.045661203293,NA
"42029303502",669.441884138296,NA,8.94892854407896,74.8069314489309,NA
"42029303801",2292.28958352495,NA,9.47108577371041,242.030284414468,NA
"42029303802",3974.15567422221,NA,9.14943132725553,434.360949011494,NA
"42029303901",2574.1017838679,1646.46300956021,3.8653864960486,665.936455901443,425.950422097069
"42029303902",2198.21731227428,1621.06883487858,11.2917226803626,194.675106226014,143.562579489999
"42029304000",1450.96385004434,NA,3.67187607518954,395.155996643878,NA
"42029304101",1706.44179579801,NA,1.38011721783736,1236.44700156122,NA
"42029304102",1051.84856313342,NA,0.843595522919504,1246.86361479634,NA
"42029304201",4166.23645396365,NA,4.5432646663872,917.013812729656,NA
"42029304300",4831.28792228766,NA,11.2546951319405,429.268662158303,NA
"42029304403",1510.31445234206,1519.0423865655,1.85109494628924,815.903287602658,820.618299245332
"42029304404",2580.1635354849,1533.13052788145,1.76948154064185,1458.14662443384,866.429229504893
"42029304405",2360.2768095806,NA,3.00833857185331,784.578182676602,NA
"42029304406",2108.45381672637,1512.43097095372,3.79938575976353,554.945970229041,398.07249555198
"42029304501",3617.77137484173,NA,6.50090851609692,556.502428219649,NA
"42029304502",1347.66372151435,NA,5.23021742703228,257.668775785301,NA
"42029304600",1521.93395929961,NA,12.103077520914,125.747683320191,NA
"42029304900",4572.92783405081,NA,25.2105596492901,181.389381975881,NA
"42029305000",791.707002248867,NA,0.479454696535579,1651.2655063545,NA
"42029305101",1491.72969370102,NA,12.0284292357549,124.016998767121,NA
"42029305102",2640.02033017466,NA,9.85116509652554,267.990669561084,NA
"42029305300",2643.58560858391,NA,5.97054536401853,442.771212243938,NA
"42029305400",1501.64974685471,NA,0.515693504421325,2911.90355119899,NA
"42029305500",2346.64425654896,NA,0.712942470412998,3291.49174573592,NA
"42029305600",1805.99860905609,NA,0.302422026215125,5971.7826497578,NA
"42029305700",1135.73677662497,NA,0.308045030839549,3686.91802471095,NA
"42029306000",2443.76001302269,NA,15.6029005582224,156.622161623333,NA
"42029306300",877.341494362541,NA,0.644144068110981,1362.02681635404,NA
"42029306501",1643.00105325523,NA,6.07293710360843,270.544717527041,NA
"42029306503",1140.95405031803,NA,4.06070121340215,280.9746372258,NA
"42029306504",5561.58145722727,NA,6.15433440416974,903.685287796375,NA
"42029306600",1672.25192187932,NA,9.81780611671827,170.328472776797,NA
"42029306700",2720.67913339292,NA,13.1584587705137,206.762750930192,NA
"42029306800",694.680381468818,NA,10.1957146200431,68.1345454788617,NA
"42029306900",2568.41253969066,NA,11.7077208888412,219.377670861513,NA
"42029307000",2263.09620062691,NA,9.68237726900415,233.733528218496,NA
"42029307100",1042.60365062193,NA,11.3432943920173,91.9136552918568,NA
"42029307200",714.3317983359,NA,17.203908404515,41.5214834640965,NA
"42029307300",2637.15321741087,NA,6.19820264930659,425.470635056744,NA
"42029307400",1069.44853518972,NA,1.2674246677219,843.796528839837,NA
"42029307700",1032.95422967336,NA,18.2025260728096,56.7478505753305,NA
"42029307800",2146.66397904016,NA,16.7239572822933,128.35861410104,NA
"42029307900",6910.84590102029,NA,18.5167090481436,373.222146713654,NA
"42029308000",3623.9155767091,NA,1.97050763353845,1839.07715708851,NA
"42029308101",2125.02074673284,NA,8.50315954101587,249.909546737608,NA
"42029308102",1722.65831055101,NA,11.6532305533097,147.82667369966,NA
"42029308200",1029.58267982164,NA,13.8961306925835,74.0913210014015,NA
"42029310400",9447.18607305936,1623.40895360341,0.0940838601514969,100412.398660591,17254.914402846
"42029311000",3373.09073562496,1336.06228213652,13.6450689713519,247.202175577627,97.9153923620032
"42029311100",1409.93310727833,1677.43542111009,10.072261637036,139.981779473834,166.540096113282
"42029311200",1417.37132026097,NA,29.1689279172188,48.5918208678584,NA
"42029311300",1213.45037624638,1669.27139311783,8.32271254147775,145.799866353539,200.568190334427
"42029311401",2075.62245854131,NA,4.35469596956751,476.640039407263,NA
"42029311403",1787.78253523797,NA,4.57188478865249,391.038404921157,NA
"42029311404",977.735660383256,NA,8.67885693937371,112.657192901467,NA
"42029311500",1647.26391950276,NA,14.5438278608475,113.262061079343,NA
"42029311600",621.294437414262,NA,2.12098280349204,292.927616570652,NA
"42029311700",3918.44238371633,NA,17.7089577424939,221.268944265069,NA
"42029311800",1551.90841515672,NA,11.5138092165016,134.786705770018,NA
"42045400301",2118.39524337191,1759.59154107209,0.287067711798846,7379.42707000192,6129.53484056427
"42045400302",1095.09248446935,1773.09375506516,0.434199853604672,2522.09316833719,4083.58902092011
"42045400401",1784.81193789565,1733.03723829976,0.200368392708859,8907.65211900976,8649.25457987732
"42045400402",2132.20394502119,1727.62084827356,0.127681120250934,16699.4457820446,13530.7463223869
"42045400500",1690.84085957758,1680.90602634486,0.465220026384648,3634.49714905347,3613.14202100807
"42045400600",1320.47716772933,1714.56128704308,0.533272534194663,2476.17696966803,3215.16893727214
"42045400700",2645.49398748349,1711.5598623616,0.529810292138175,4993.28538297543,3230.51455919099
"42045400801",499.233526497736,1725.43392945062,0.138912793303855,3593.86284462455,12420.9864938533
"42045400802",862.140233313051,1659.6959891088,0.370441187844365,2327.33362704599,4480.32250076385
"42045400900",598.953447509943,1675.71984115215,0.233206061385263,2568.34425294141,7185.57584309014
"42045401000",1130.97480411893,1683.13409747493,0.385654582769484,2932.61082494369,4364.35653217942
"42045401101",942.189779468649,1710.03054003513,0.168227542492864,5600.68681683688,10164.9855588164
"42045401103",1665.91702443397,1689.27878876084,0.379109824283532,4394.28608209333,4455.90876457332
"42045401104",784.314771553983,1708.29575108592,0.463942939985844,1690.5414523129,3682.12468356139
"42045401200",1265.35125375075,1669.48155293944,0.583654005228508,2167.98178786651,2860.39595031276
"42045401301",1249.51617013716,1631.95359873477,0.214375763576372,5828.6260969609,7612.58442423404
"42045401302",874.979816266113,1626.0591766166,0.31435634063286,2783.40120165736,5172.66225119884
"42045401401",607.556629760228,1554.86101551355,0.197298945076561,3079.37089843267,7880.73658939329
"42045401402",1212.50785143958,1509.51599825652,0.269302546172381,4502.40025084447,5605.27933995199
"42045401501",1298.85872727804,1499.13424818674,0.286568212769,4532.45918215303,5231.33474470589
"42045401502",1333.91649161932,1242.5412760845,0.666760666643151,2000.59265393534,1863.5491537618
"42045401600",496.18928678171,1303.58521669265,0.33899731658972,1463.6967978783,3845.41455904898
"42045401700",1211.22835881113,1755.87923684534,0.205755877275175,5886.72544790181,8533.79869434814
"42045401800",3065.55482685738,1701.84612271923,0.343922708593378,8913.49931324776,4948.33891510007
"42045401900",1371.73731299579,1606.32397885331,0.51163890393771,2681.06530296764,3139.56574938029
"42045402000",743.98078307542,1553.72831461683,0.321538029969444,2313.81893813967,4832.17588527392
"42045402100",3044.67523038224,1777.23530361232,0.967906450897585,3145.62965001294,1836.16433381987
"42045402200",622.849185591628,1594.95914703167,0.346994006706772,1794.98542785486,4596.50344445142
"42045402300",861.507745170415,1552.07437952509,0.29398592635491,2930.43873171797,5279.41727949036
"42045402400",1961.1298788504,1306.63565177037,0.191901950912294,10219.4369026853,6808.87112173002
"42045402500",2421.00598080485,1280.30359265062,0.258492762309885,9365.85596892848,4952.95721709906
"42045402600",2222.57842322049,1398.77335227545,0.386122057910008,5756.15502323491,3622.61964480013
"42045402700",1038.47612743014,1476.18814387757,0.261780897913448,3966.96678675726,5639.02162321116
"42045402800",1616.46687755938,1297.1293293335,0.75813068632692,2132.17444790559,1710.95742822122
"42045402900",2791.86940135748,1525.23145461914,0.864158812030719,3230.7364832591,1764.9897604295
"42045403001",1525.10454234394,1193.26409405181,0.192302864958629,7930.7426993979,6205.12905155379
"42045403002",784.520426863836,801.772017360184,0.375440439963075,2089.60022245071,2135.55049487753
"42045403101",3184.70178105615,414.42324550387,0.33186130442667,9596.48424982269,1248.78447705687
"42045403103",1639.27946722959,895.508163227234,0.374279984765526,4379.8213475309,2392.61568792742
"42045403104",1301.54867127656,1024.74871409022,0.16598869611271,7841.18859752219,6173.60542066307
"42045403200",1481.54546838926,884.396117059375,0.591450803069072,2504.93440993136,1495.29954557538
"42045403300",2811.80243958271,1349.93692483849,0.627657252656316,4479.83740757054,2150.75492097861
"42045403401",1797.84041716795,1260.3985053279,0.365135833107663,4923.75782970017,3451.86199502985
"42045403402",822.305269690167,NA,1.05395790768868,780.20693586661,NA
"42045403501",3221.84906808674,1253.04634237015,0.563889544650589,5713.61731858876,2222.14856483391
"42045403502",1270.6381902152,1225.41591554937,0.409708169360876,3101.32500456931,2990.94820945592
"42045403601",2948.0634524788,1452.37793932794,0.43430444734057,6788.01119935805,3344.14705679729
"42045403602",791.546717266387,NA,0.381260730733637,2076.12967572942,NA
"42045403701",706.613722764405,NA,3.60345553361492,196.093365430138,NA
"42045403702",460.806141876786,NA,1.12498568881296,409.610670125954,NA
"42045403800",3013.17880598828,NA,0.739919744038631,4072.30490909966,NA
"42045403901",1644.61490959169,NA,0.472669773681507,3479.41628842097,NA
"42045403902",791.66230895448,NA,0.609634595961026,1298.58494612909,NA
"42045404003",383.910993449603,1372.78958243739,0.238146189354272,1612.08119470888,5764.48267410734
"42045404004",1115.1079485934,1460.43619507779,0.905470567350013,1231.52313151042,1612.90300064856
"42045404101",2112.88197113171,1628.46420709905,1.08464227653568,1947.99890880172,1501.38367490185
"42045404102",1802.13955834481,NA,0.908882306851657,1982.80849430041,NA
"42045404103",943.444079394192,NA,1.10692651014574,852.309589432437,NA
"42045404300",1222.28598324411,NA,1.52064667373628,803.793546755285,NA
"42045404400",846.494261215449,NA,0.217955796045511,3883.78871575728,NA
"42045404500",2320.69091854612,NA,0.461088774724417,5033.0674823588,NA
"42045404600",1179.58543685462,NA,0.204805112553528,5759.55073653899,NA
"42045404700",11429.3759196727,NA,0.328176287582735,34826.9401298267,NA
"42045404800",817.094869719283,NA,0.243772517848953,3351.87443165999,NA
"42045404900",797.979732352777,NA,0.146235286112764,5456.82067279881,NA
"42045405000",752.262088299199,NA,0.476974191461633,1577.15470095767,NA
"42045405100",2310.50089545654,NA,0.373891684581963,6179.59957585,NA
"42045405200",1123.74605989466,NA,0.288591226392861,3893.90236820608,NA
"42045405300",1026.76445577928,NA,0.273396685926812,3755.58486489534,NA
"42045405400",942.206160888095,NA,0.267029269380865,3528.47522323188,NA
"42045406100",773.640530467403,NA,0.206839500877681,3740.29393411132,NA
"42045406201",719.51870266754,NA,0.638202879159186,1127.41375221542,NA
"42045406202",1002.71037085168,NA,1.06397551263152,942.418654327564,NA
"42045406300",1704.02492542247,NA,0.646381799472531,2636.25140251939,NA
"42045406401",1031.36021773541,NA,0.206428596565211,4996.20805884617,NA
"42045406402",254.178128608709,NA,1.22642183267061,207.251796924734,NA
"42045406500",528.358511743255,NA,1.37454289808072,384.388521071991,NA
"42045406600",1369.31360947308,NA,1.63090259729007,839.604775753225,NA
"42045406700",1258.01535835999,NA,1.11148889385109,1131.82899561075,NA
"42045406801",1682.41964283952,NA,2.35613131267598,714.060219728886,NA
"42045406802",1453.37965037125,NA,1.94753158157821,746.267564602719,NA
"42045406803",1484.25320218947,NA,2.38904505775996,621.274679340352,NA
"42045406902",1775.2615276316,NA,1.86869160651822,950.002408872214,NA
"42045406903",2005.54904607555,NA,1.32366668423944,1515.1465772729,NA
"42045406904",2970.94590589179,NA,2.64275871217651,1124.1835632603,NA
"42045407000",693.5260557402,1700.96853198532,2.21031136350043,313.768488545376,769.56059678919
"42045407101",881.666818969235,1713.44897528708,2.83318174122807,311.193174140346,604.779054711956
"42045407102",1545.87608216894,1709.37324684366,1.61538645939367,956.969815600153,1058.18223057612
"42045407201",1198.00214767115,1683.26784944023,6.535326114516,183.311762363349,257.564476499715
"42045407202",2015.29937036456,1704.30907975651,2.47506296431183,814.241657454115,688.592211321938
"42045407401",1408.71970834983,1688.03184474706,1.76996499511091,795.902581260682,953.709169056918
"42045407404",1363.40285583578,1692.12452778569,1.35267078575754,1007.93398526178,1250.95074544546
"42045407501",1721.0325054806,1693.87668765253,0.345885436062998,4975.72989793979,4897.21887955992
"42045407502",2964.72612361792,1697.07667688874,0.419838023041528,7061.59509360272,4042.21767384055
"42045407600",9735.9699394321,1656.36822601945,1.47128395038761,6617.32899136648,1125.79779422122
"42045407700",784.315517202217,1548.65170033507,0.346130831530692,2265.95103861087,4474.18016328242
"42045407801",1057.33597867017,1656.66944841181,1.71148464678252,617.788760569891,967.972135494315
"42045407802",2663.77254389271,1657.51349752714,1.82692396935422,1458.06425914609,907.270102823727
"42045407803",1796.45959083406,1560.15003480827,0.96422595039144,1863.11060193388,1618.03365090403
"42045407804",1126.10618053155,1592.94699471859,0.818148024312708,1376.40884909249,1947.01563455679
"42045407805",827.407434457829,1476.99211738116,0.400101415444296,2067.9942697504,3691.54434442832
"42045407806",331.268869422492,1605.5010557439,0.53587211976474,618.186423969822,2996.05259637085
"42045407901",1301.74441926908,1672.31065282818,3.68594981440594,353.16390206438,453.698703734984
"42045407902",871.249914446291,1696.50726711999,1.19174782357496,731.069020820819,1423.54551320335
"42045407903",1254.1271969939,1688.06872986464,0.930743277293703,1347.44695727537,1813.67813343008
"42045408001",2493.4718278369,1662.75559218848,2.61297901451846,954.26400823828,636.344793796557
"42045408002",782.36342061213,1681.81341543337,3.66213547223409,213.635848958599,459.243910604809
"42045408101",2384.77470280086,1675.14337560979,1.71664183165667,1389.20924494738,975.825792380447
"42045408102",1053.70599259749,1691.9118790569,1.00705559770505,1046.32355452743,1680.05806522752
"42045408103",1006.10874711063,1694.45488122856,1.50767153992821,667.32621825476,1123.88861655453
"42045408300",9090.37501049448,1708.72814558404,1.52399318271242,5964.83968144486,1121.21770948006
"42045408400",885.282234153527,1689.01642704721,1.71700229809172,515.597582564351,983.700737572907
"42045408500",1829.44653426241,1713.09331803147,0.724607316990261,2524.74201041915,2364.16784355284
"42045408600",1701.43164948383,1719.6320431157,0.621038179204278,2739.65708785221,2768.96348839458
"42045408700",2657.82565367537,1727.47197823109,0.822651420622204,3230.8041863772,2099.88329798851
"42045408800",2383.69503129565,1729.65217949438,0.627332358408397,3799.73230990877,2757.15441155095
"42045408900",1047.34660040949,1717.02799276959,0.575899698974719,1818.62675440548,2981.47055090745
"42045409000",1446.53408703781,1725.39227622585,0.477336561093942,3030.42801440286,3614.62418104253
"42045409100",2557.22809833967,1729.79527696561,0.536340944358214,4767.91512048301,3225.17848984191
"42045409200",1575.31287917042,1724.16976736295,0.469572034273787,3354.78428055602,3671.78971811951
"42045409300",1824.67994602249,1715.88009554602,0.628534349979218,2903.07116243181,2729.97028022853
"42045409400",904.363665109812,1710.27190359152,0.464513273045472,1946.90597144957,3681.85798519496
"42045409500",1899.06153870976,1699.38834685655,0.75653907529032,2510.19623537753,2246.26645517869
"42045409601",1667.32382358336,1643.41157036741,2.2713087551409,734.080657158357,723.552694739411
"42045409602",8024.97562447338,1641.8799076118,0.404699273430709,19829.4787051239,4057.03695411482
"42045409701",10101.9609199037,1555.34419827511,6.28066653453476,1608.42179159763,247.639990074766
"42045409702",10830.5189461731,1594.18259353998,0.291801095135018,37116.1010933212,5463.2508928808
"42045409802",13056.4850904019,1407.42725019619,2.28576911905812,5712.07519672064,615.73465074029
"42045409803",5121.00788621647,1361.97688058499,2.25470753068296,2271.2515111285,604.059223669
"42045409902",1612.69502464509,1615.24080480844,3.10769919191117,518.935368275884,519.754553147438
"42045409903",1832.85903615606,1605.95670458144,1.40544128326198,1304.11640670043,1142.67079223265
"42045409904",992.253220634758,1490.63889706563,5.55868054893429,178.505170768447,268.164159451727
"42045410000",1429.56156595032,1622.29106431825,9.72382682336358,147.016353943645,166.836688249152
"42045410100",4577.90705439097,1665.26833481813,9.2680403875649,493.945522780978,179.678579848708
"42045410200",1384.26385652615,1682.33246017958,8.79025077274703,157.477174691975,191.386173577143
"42045410301",3818.65938214261,1689.94301712686,6.95291173903569,549.217295640836,243.055439297326
"42045410302",2927.92232589598,NA,6.72105487577851,435.634343121895,NA
"42045410400",2718.49786401533,NA,5.51940811224947,492.534309608679,NA
"42045410500",3822.22216485955,1704.61554045786,0.321088898417107,11903.9374568919,5308.85853999067
"42045410601",1889.75616917372,1546.67867810387,0.486581073547911,3883.7436799474,3178.66592472708
"42045410602",1489.89264285656,1586.55684312456,0.7127292569716,2090.40477612375,2226.03018973273
"42045410700",2236.20248870321,NA,2.72493397356358,820.644650622038,NA
"42045410800",3662.87308433641,1706.48280141847,2.32244445604305,1577.16283582392,734.778735817841
"42045980000",NA,NA,4.01790815913936,NA,NA
"42091200103",1801.56708414242,1644.68442324509,2.0400201341516,883.112403638921,806.209897496466
"42091200104",1730.94469152307,1589.85537173207,2.22616796808351,777.544514313186,714.166852872636
"42091200105",1231.95837177915,1537.55372630487,1.52632398870909,807.140804241106,1007.35737476371
"42091200106",666.039953735061,1619.63273225431,1.48170584786684,449.508891858621,1093.08654925405
"42091200200",1950.4550845666,1632.41596268441,1.93243691755464,1009.32406478487,844.744761319358
"42091200301",1590.54820470667,1684.7095623064,1.59136459110152,999.486989719755,1058.65718750237
"42091200305",287.949498175993,1676.77784353575,0.472379425553035,609.572480509451,3549.64198868881
"42091200306",1083.90879686709,1671.60983300448,1.65121996504831,656.429076567866,1012.34836568584
"42091200307",2027.90687129836,1681.13040882708,0.717269059777777,2827.26104472796,2343.79328915697
"42091200308",1580.52584610909,1684.52836790394,0.682132107398389,2317.0377540754,2469.50458662418
"42091200309",756.677008836469,1672.18047398589,0.364917541536897,2073.55613996967,4582.35158261586
"42091200310",773.234523917062,1664.36227725606,2.49464674029867,309.957522813224,667.173532175861
"42091200401",821.242541614536,1681.30570088483,0.751544110152391,1092.7403069502,2237.13509050574
"42091200402",1446.16217171127,1680.68954247493,0.663023806242958,2181.16175934314,2534.88566571779
"42091200501",2105.57571220092,1680.85522568888,3.0476201292825,690.891785354048,551.530425179533
"42091200502",2382.56587946056,1684.12236799714,1.29713999745068,1836.78391240969,1298.3350843448
"42091200505",3043.54125758583,1664.04277276928,7.01554595234916,433.82814085434,237.193624569171
"42091200506",1331.2076479158,1676.38444743889,3.12584437060713,425.871377485514,536.298116183335
"42091200507",1851.52325053091,1685.11471509635,2.83338194784665,653.467582066743,594.736165513097
"42091200602",3538.68770717318,1627.01360657474,3.24569126016584,1090.2724330571,501.284156796728
"42091200603",1320.05842489201,1630.42253497162,1.58289646773625,833.951210201301,1030.02474779878
"42091200605",2592.13416177373,1648.7520033457,3.66130405795598,707.981123867888,450.318241054843
"42091200606",1481.52556967085,1638.01026366806,0.7570510948058,1956.96906039201,2163.67200959962
"42091200607",2257.40694088802,1643.72475530671,1.36613331667975,1652.4060377756,1203.19498488012
"42091200703",1792.05047490314,1618.43438918099,2.55564382632708,701.212921942507,633.278539250508
"42091200704",1022.63844105257,1603.65350274898,1.54432291061924,662.192106340323,1038.41851449704
"42091200707",1935.52189042522,1603.1170190475,3.01123926724263,642.765890934189,532.377827456887
"42091200708",2048.5446981234,1582.05319312056,2.82494537387437,725.162587945497,560.029658538423
"42091200800",1260.51624010862,1595.22226879732,0.645170634847768,1953.77187370911,2472.55870406086
"42091200901",2275.28911400386,1604.09046846789,0.809080008584106,2812.19297209633,1982.61043586413
"42091200902",305.589025953666,1600.22616059557,0.136555114129199,2237.8438764625,11718.5370229456
"42091200903",2053.10177010865,1598.66307574801,0.825896634033875,2485.9064506424,1935.66968294781
"42091200906",1072.01765672847,1613.85300744579,0.459329835692578,2333.87333769007,3513.49483974281
"42091200907",976.024701523977,1588.0712382181,0.369686275880009,2640.14318411098,4295.72678736266
"42091200908",1038.17433166752,1593.96217242393,0.384098772152565,2702.88375526271,4149.87572985733
"42091201003",1989.04520511344,1607.13815374398,2.66579294938036,746.136419025258,602.874335802239
"42091201004",1214.87932092005,1578.18353915234,1.30551758338016,930.572928611628,1208.85659392363
"42091201005",990.193001696206,1556.96202800409,2.10501396704979,470.39735469498,739.64451180635
"42091201006",1283.30331525405,1581.84350384064,2.04064389953548,628.871757363534,775.168810295969
"42091201100",1795.55949025336,1600.14098791386,0.593857789033248,3023.55130034816,2694.48514015243
"42091201201",2972.94299733338,1625.1339674417,5.26810872200049,564.3283299978,308.485274925112
"42091201203",591.216548185662,1653.9152583902,3.00254838006441,196.904919871093,550.837171974137
"42091201204",520.178993712983,1641.41457856455,1.03273836709105,503.689037116135,1589.38084501302
"42091201301",1579.59835574607,1660.56971066149,0.453908832021946,3479.99035116748,3658.37717513547
"42091201302",2992.40475357959,1660.683784568,0.399226031098217,7495.51512296903,4159.7582702703
"42091201404",1353.28319952453,1687.11226768364,3.37343958850982,401.158273037975,500.11634221347
"42091201406",1248.76311483468,1696.26710336357,2.30509993398521,541.739252352386,735.875732914952
"42091201407",1333.88102697687,1703.10966249168,0.960280895731084,1389.05296659198,1773.55362380198
"42091201408",1609.14912328659,1690.11300736834,2.36072360336656,681.633852006997,715.930066932917
"42091201409",2195.96954124466,1675.978678472,2.33676183043494,939.74897768504,717.222721050714
"42091201410",1126.21697178119,1669.74531640468,0.970999496816002,1159.85330113369,1719.61501718583
"42091201411",1013.24791485493,1674.23743191205,0.94583048775818,1071.27855146279,1770.12419622923
"42091201501",1257.07665965701,1525.86200441775,1.77488228431151,708.259173449713,859.697579893109
"42091201502",1043.98075404222,1625.02126008607,1.43881096237932,725.585765843639,1129.41957114285
"42091201603",1873.56989273225,1686.90819961356,0.937873861895884,1997.67790622172,1798.6514691896
"42091201604",1492.67262061323,1690.95567646055,0.406140319013552,3675.2633282967,4163.47650626661
"42091201605",692.207308076163,1695.02187409673,0.471202163336418,1469.02404516754,3597.22854855944
"42091201606",1039.8381300683,1688.45041689595,0.308902477327018,3366.23435029135,5465.96593043338
"42091201607",1326.70829614689,1683.11338476948,0.645712461392658,2054.64254675444,2606.598889449
"42091201608",1933.05385100079,1664.55080286496,1.93942676024816,996.714024278725,858.26948301568
"42091201703",577.726361137954,1700.15665854921,0.85848408693435,672.961060001726,1980.41720798865
"42091201704",1982.67611900188,1707.41056608135,0.532227173437785,3725.24406485165,3208.04846369037
"42091201705",2469.11024443015,1705.84300785789,0.726734697736098,3397.54005433048,2347.27062457852
"42091201706",2123.71441698037,1697.42772877595,0.974608234232168,2179.04419682387,1741.65133143293
"42091201800",1350.55734041029,1683.56587600144,0.927650896634129,1455.88965128005,1814.870100498
"42091201901",1931.66997862152,1605.94408980736,1.94301276414844,994.162269164563,826.52266595438
"42091201902",1947.16811749551,1652.85826608124,1.64111433705252,1186.49144275509,1007.15606997244
"42091202000",1237.63100579731,1580.63423895161,0.34674576764901,3569.27501722269,4558.48170741506
"42091202100",2599.12388206298,1692.75422396745,0.571632931855887,4546.84070356926,2961.26085400937
"42091202201",1942.47637496964,1638.59370711088,1.22659650129712,1583.63110681914,1335.88650006589
"42091202202",874.714911161611,1651.7207930378,0.813928008063672,1074.68339029462,2029.32050092149
"42091202301",1420.58174334024,1685.41894043532,1.08367378545851,1310.89425840376,1555.28256109121
"42091202302",925.734659690259,1705.67604684,0.668693446325616,1384.39319957007,2550.75932957392
"42091202401",2460.93510028977,1718.08540833322,0.274378860634596,8969.11334422047,6261.72659351215
"42091202402",2546.3001141862,1694.34033635909,1.04832868319023,2428.91390364078,1616.23006555819
"42091202500",5191.48138483384,1717.96636698852,2.05296745291236,2528.76945392833,836.821043875486
"42091202602",948.927992520217,1708.75384362746,0.628648780065559,1509.47241545789,2718.13753213561
"42091202603",4429.07135563976,1712.86089571787,0.577410057967522,7670.58227428536,2966.45489991485
"42091202604",890.422174572635,1712.57484970263,0.651537446772194,1366.6477329644,2628.51330830938
"42091203000",1852.07319867637,1659.60096391831,6.45707466222211,286.82852461226,257.020562829792
"42091203103",1032.70185993601,1640.74215602287,2.85274793174914,362.002491858022,575.144455548465
"42091203104",1678.88365810858,1669.57533731908,1.63937959457191,1024.0969594031,1018.41900609667
"42091203105",2846.96694401664,1656.61359240562,3.02519694733074,941.084826403993,547.605204304903
"42091203106",679.598651259462,1578.60639373225,0.743614127269085,913.913044868151,2122.88381277755
"42091203203",1553.76270032707,1490.16836855195,1.9692680640467,789.005178469306,756.711793461863
"42091203204",3214.0144447261,1557.85423251004,3.18147726686415,1010.2270659611,489.663795097788
"42091203205",907.66001428702,1628.9398296669,2.2711028454759,399.656059651858,717.246175316014
"42091203207",1361.86651473987,1570.32191580135,3.22856682276223,421.817663843399,486.383588138916
"42091203208",849.641002615734,1597.6759985937,2.19125271666683,387.742133142974,729.115353259648
"42091203302",1580.88044934633,1393.64263767149,2.93156713868279,539.261212368703,475.39168360909
"42091203303",818.200487169422,1400.39494088578,1.54225342365683,530.522723839633,908.018694855807
"42091203304",1792.11278433142,1324.00983791046,1.17316702177617,1527.58537451741,1128.57744322366
"42091203401",835.798845657194,1245.29970101676,1.35600677882085,616.36774882791,918.358020377779
"42091203402",1298.86722793663,1310.4970064017,2.74980645931218,472.348598767029,476.577906770027
"42091203403",591.455766158016,1166.01350052425,1.60450322217502,368.62236110455,726.71309375349
"42091203500",3846.96816694375,1062.1483262087,0.672740315592866,5718.35532638405,1578.83852296359
"42091203601",2416.93362650595,928.967537599845,0.172993229959262,13971.2613440139,5369.96469641388
"42091203602",1558.37520754753,1130.70446457484,0.424579947446263,3670.39285986244,2663.11320488812
"42091203700",1093.96305325916,1236.01789466695,1.58389537623992,690.678860276847,780.365870882954
"42091203801",2477.64252736789,1007.97032009518,0.320778602047857,7723.83978092858,3142.26171465391
"42091203803",4079.07828754148,938.36870700913,0.29210540038423,13964.4055952952,3212.43190223398
"42091203804",1124.64926964597,936.256444949155,0.260874971504174,4311.06619067891,3588.90866207215
"42091203901",1532.74125359796,709.550216264744,0.174360290178218,8790.655555983,4069.44847097636
"42091203902",1464.38211848439,756.37055721125,0.625884804638863,2339.69910697758,1208.48205868758
"42091204002",1172.89506594834,1345.94577585119,2.90759592989089,403.389980667757,462.906747809931
"42091204007",484.523003584082,1534.35056932568,0.640051889151091,757.00581749194,2397.22840496684
"42091204008",1592.10461303928,1423.55685055663,1.24406094544723,1279.76416176857,1144.28224418288
"42091204009",745.826876828117,1563.4295958924,1.49428641575782,499.119090532503,1046.27170494588
"42091204010",955.132949725742,1492.93853923643,1.02154020988467,934.99300417511,1461.4584181713
"42091204101",1762.59368844751,1514.59080513456,0.474920942132248,3711.34126141924,3189.14301469738
"42091204102",1992.82261478969,1503.05259185227,0.555898983371794,3584.86465059221,2703.82324273294
"42091204200",360.273163988328,1418.04195235883,0.910725891987884,395.589020975283,1557.04582996273
"42091204300",1427.3188885953,1458.85194346794,0.778374329302638,1833.71783326163,1874.22926032897
"42091204400",1999.51115819264,1595.74757250586,0.959026798111363,2084.93773284577,1663.92386078096
"42091204500",5087.35535048535,1575.77820938573,1.05923515683228,4802.85734255596,1487.6566352822
"42091204600",2549.64556615107,1708.88947358289,1.87878638283597,1357.07049478529,909.570927911116
"42091204701",915.915279363753,1728.82406125293,1.25814687898766,727.987562231784,1374.10352489527
"42091204702",1171.79918507925,1696.75949973861,1.05008220008304,1115.9118638394,1615.83493140292
"42091204800",1955.96034651322,1668.24103745973,6.15665685060623,317.698451282147,270.965408327973
"42091204900",4664.84538863603,1564.38601716415,3.96653636651749,1176.05007432004,394.39598496298
"42091205000",8754.27336530477,1673.04033481279,0.51036025894333,17153.125095261,3278.15558812654
"42091205100",3414.06071893221,1689.46121607262,0.723518420411136,4718.69218891785,2335.06316965999
"42091205200",2869.71479040929,1712.98749712153,1.26610295151362,2266.57301997327,1352.9606696467
"42091205300",2676.66351164632,1723.72740475488,0.258438056876904,10357.0795415833,6669.7893707501
"42091205400",3948.20474008181,1717.27329797899,1.83102408674208,2156.28225137487,937.875864339132
"42091205501",3517.41162237877,1730.76222237503,0.376231960166926,9349.05057193486,4600.25305029143
"42091205502",1239.73514021055,1722.7696241103,0.817610133171521,1516.29131038482,2107.07958991122
"42091205503",2636.89110724311,1679.27608904608,0.922768063119773,2857.58817695542,1819.82467335143
"42091205600",3715.50111458822,1708.55963210684,0.499565566854554,7437.46439127574,3420.09086587882
"42091205700",1612.0406637555,839.752635357948,0.711120937076517,2266.90085990541,1180.88582627063
"42091205801",1305.49932747017,1277.89445626298,4.94371642338781,264.072453932449,258.488624108272
"42091205805",1423.08903901735,1108.90753847696,1.02822352781348,1384.02691683544,1078.46932936369
"42091205806",541.612755456436,964.477219822068,0.789877146814916,685.692398672913,1221.04712576026
"42091205807",811.323730516712,1104.93288309862,0.634792371595772,1278.09306919862,1740.62092195749
"42091205808",1238.32885904406,1233.73524273348,1.95585309907503,633.140014262675,630.791363276178
"42091205809",1008.68771251725,1050.43345257186,0.886365596756205,1138.00413306733,1185.1017869106
"42091205903",1332.03156419436,1259.64677859754,1.66101483224289,801.938392323503,758.35974137366
"42091205904",833.536727599354,1225.10497095518,1.4461363055628,576.388770818503,847.157329667064
"42091205905",1494.93609153704,891.174250440763,1.25111987914774,1194.87837772619,712.301247301599
"42091205906",778.037470373902,1068.2311897982,2.65357288460117,293.20373104839,402.563349963818
"42091206004",1760.69349137845,1309.14532161064,2.25959839494571,779.20638256638,579.370796394148
"42091206005",1241.51020321298,1336.76207891003,1.72466083761939,719.857595263008,775.086932892389
"42091206006",423.924344125441,1321.93523746988,1.79419218762637,236.275883402587,736.785750482358
"42091206007",2155.39261530228,1314.68980569269,4.28080946098365,503.501180079856,307.112432280646
"42091206102",3422.69842372014,1304.79300369716,7.02115930037189,487.483373798234,185.837259614385
"42091206104",1733.88314277063,1102.92395283072,3.49659050880352,495.878238645663,315.428400910499
"42091206105",2841.6523031549,1229.26539425434,5.4412737063247,522.240279854308,225.915008249906
"42091206106",1461.40089574076,1273.33207092355,2.18986345499191,667.347953777399,581.466423406866
"42091206201",1079.62553522059,1305.62810976393,0.478824115441267,2254.74344420946,2726.73841533797
"42091206202",955.914984735796,1316.76891048579,0.3503306527841,2728.60789411112,3758.64601062265
"42091206300",10910.9477875792,567.033889147657,1.60545221517895,6796.1834581062,353.19262933307
"42091206400",1178.16747096048,967.653482121738,2.06590163337612,570.292143597903,468.392815267001
"42091206501",1864.53395149397,1141.07296575062,2.12113101271508,879.02818841319,537.954967849923
"42091206502",3216.10996792271,1330.61451998141,2.81733749375261,1141.54231612449,472.295038465224
"42091206600",401.559372166033,1388.23545943523,0.407087223635309,986.420965463098,3410.16710629781
"42091206702",5.1419553245713,1303.02158665825,2.58942291629384,1.9857533862915,503.209258888935
"42091206703",1355.84494283595,1377.24990518912,2.99917697619102,452.072336377391,459.209281787112
"42091206704",2960.23554028455,1247.35573845584,8.36518333595271,353.875751600297,149.112779524488
"42091206801",2851.59114845717,1486.48403041165,11.7827802841046,242.01343653196,126.157324041506
"42091206802",1240.10006879047,1373.93201411123,4.43089778352676,279.875575871086,310.079826083835
"42091206901",1497.83720079493,1568.687924911,1.57699280134887,949.805984855331,994.733725841509
"42091206904",1156.4097894527,1554.77100947558,3.02585605282394,382.176074890761,513.828477737583
"42091206905",1854.75567279356,1500.92732907936,3.22772088751786,574.633228035984,465.01149925438
"42091206906",875.233745389911,1534.79977715461,1.84521664775845,474.325736467387,831.772127689759
"42091207001",2197.26990398304,1477.46513166597,10.6374277122947,206.560266580561,138.89308314249
"42091207003",1539.06321495831,1504.6489358897,2.20197090707999,698.948024249443,683.319171498498
"42091207004",1067.47214257366,1512.81799840992,1.64177931134909,650.192224493616,921.450275291141
"42091207101",2793.22438483843,1550.73137831079,9.13305205382509,305.836906258361,169.793336244187
"42091207103",989.700802233832,1573.72766771525,2.72500702455042,363.192018705755,577.513251722676
"42091207104",628.770259815624,1583.32062695109,1.97842076082349,317.814224489794,800.29519417905
"42091207201",581.044057222995,1586.09767625987,0.372506132915277,1559.8241367885,4257.9102358581
"42091207202",1823.76831218301,1590.47088100249,0.74534060151091,2446.89247907062,2133.88466665895
"42091207300",993.44380895008,1587.92924930359,0.487047162106409,2039.7281541557,3260.31927264707
"42091207400",1218.17079234193,1548.74349109972,9.84306530814389,123.75929186755,157.343616303991
"42091207500",1282.85247958083,1479.26610439986,9.07114339932043,141.421254533021,163.073830859148
"42091207600",805.095731047515,1518.0148560199,12.7228172553856,63.279674217337,119.314364542753
"42091207800",2263.33821192763,1497.9185216391,21.1445967456691,107.04097312195,70.8416688980324
"42091207900",936.581908232812,NA,0.678060147203265,1381.26670929688,NA
"42091208000",2160.80530580083,NA,0.80275809522047,2691.72658446675,NA
"42091208100",1372.55249131918,NA,0.531464007683412,2582.58785444751,NA
"42091208201",596.452813231189,1412.83831356991,9.56877180687749,62.3332675571271,147.650956892341
"42091208203",2311.53816229522,1320.54986926036,2.99860118176888,770.872157440969,440.388630968711
"42091208204",1212.62714849008,1217.62058041852,2.70891206948798,447.6435991218,449.48693393679
"42091208301",1032.26442396828,1423.24695837113,12.9260467158569,79.859252148761,110.106901952101
"42091208302",3278.95777899738,1266.45996685327,8.75295732123021,374.611420878781,144.689379871816
"42091208400",1135.88374570543,1430.58042941522,10.0724728256721,112.771090611469,142.028720670166
"42091208500",2032.91667357239,1419.77275343268,8.12008342700243,250.356624023363,174.847064835736
"42091208601",1785.86594880125,1316.85459293855,11.0486618882399,161.636401481532,119.186794406316
"42091208603",1855.81420657656,1240.16785832027,6.81084020835849,272.479481209829,182.087351983137
"42091208604",1528.1579904692,1288.64456934561,4.82542544740865,316.688757732202,267.053047112692
"42091208702",1489.83679767649,919.118929448062,2.75161525366034,541.440812153747,334.028868398445
"42091208703",1083.79806680613,1140.16969257521,2.63298641360713,411.623114044614,433.032881097628
"42091208704",1408.56964914157,935.651791638919,2.6435866246565,532.825229180678,353.932715089484
"42091208801",749.392835149796,166.037798564105,0.262249832686601,2857.55314873871,633.128329818715
"42091208802",2483.58559882625,470.832263500022,0.832829711431421,2982.10494262699,565.340377555434
"42091208901",1196.49398195864,480.673358352731,0.647954233113729,1846.57174968811,741.832268064469
"42091208903",1936.45306939567,494.653847129932,0.818502473696447,2365.84876848379,604.340075963388
"42091208904",2451.98835842883,203.90150132418,0.19644576176184,12481.7574909124,1037.95317086748
"42091208905",460.050073210001,631.507444626254,0.469509770677202,979.851968887556,1345.03578853193
"42091208906",1573.51293941931,396.632285342701,0.471022182724659,3340.63446930932,842.067104033945
"42091209000",911.448321026191,NA,1.26820973806535,718.688946842975,NA
"42091209100",1518.77217641287,976.845502495524,5.04259705416007,301.188486825434,193.718731043489
"42091209201",402.44541350777,NA,1.96346875785475,204.966548053188,NA
"42091209202",944.197944958544,NA,0.380073558398933,2484.25054596272,NA
"42091210100",2025.63252928438,1699.9399010416,1.07272648873074,1888.30289040511,1584.69089642131
"42091210200",962.918846667092,1706.82460455401,0.975030529586656,987.57815006603,1750.53452457287
"42091210300",1171.05770792512,1691.98426977334,1.94261952443036,602.824018392646,870.980780587738
"42091210400",1617.58008193265,1691.81304021772,1.49678935642386,1080.69988271255,1130.29467570495
"42091210500",1676.68640247166,1680.76672624151,1.30447941124104,1285.32990863881,1288.45784131041
"42091210600",1656.02030536561,1434.18065911067,1.17070842572274,1414.54547432958,1225.053674851
"42091210700",2077.66800196646,1077.34307437876,5.37892423498602,386.260878792961,200.289691267898
"42101000100",8485.40063955878,2406.07131071888,0.268001704430244,31661.7413221243,8977.82092779614
"42101000200",9956.1956607642,2751.45123853785,0.147212047215596,67631.6636381198,18690.3945062885
"42101000300",16943.5810052286,2937.18588236754,0.219468215185336,77202.8924139204,13383.1948279488
"42101000401",11478.8668093607,3436.21158185796,0.0899683302634658,127587.860925569,38193.5684678738
"42101000402",11816.8446000973,4769.68767921208,0.119622087886341,98784.8047872658,39872.9679734733
"42101000500",8993.01150224772,4463.80389878529,0.162391254768108,55378.6687287414,27487.9574344044
"42101000600",6862.31485722888,4994.48456973102,0.0652210012182162,105216.337208148,76577.8579973113
"42101000700",16316.0754522741,3885.55992233682,0.0980644446913877,166381.153777206,39622.5149141956
"42101000801",10391.9531007029,2827.23643913329,0.0432779190647075,240121.367322796,65327.4579793477
"42101000803",18751.5758428792,3812.90817316962,0.0589243259596192,318231.486529513,64708.5581561443
"42101000804",22930.4002446349,4815.55960960871,0.0560360885532494,409207.723748328,85936.7549366446
"42101000901",12421.1816227741,4226.16416855098,0.0407072619085111,305134.29399134,103818.433626148
"42101000902",11275.4076572201,3562.990271519,0.0593120408076794,190103.181473403,60071.9554242296
"42101001001",6937.12438567316,3019.06155269584,0.0906108897116775,76559.4997217993,33318.9704052398
"42101001002",5808.97610099309,2367.90024998908,0.181909464518753,31933.3362690111,13016.9161690043
"42101001101",13250.428746651,2790.12554740695,0.0670579322747927,197596.739075593,41607.6883488364
"42101001102",8477.83022811434,2827.42012666968,0.078767002890737,107631.748282647,35895.9973453831
"42101001201",14495.8771528405,2463.31145385793,0.138150298478923,104928.308606239,17830.6632774576
"42101001202",22503.6962374857,2866.75521573761,0.119079525296454,188980.399287465,24074.2916013537
"42101001300",12066.8178080709,2111.62096912903,0.300089716073244,40210.7008729541,7036.63223372054
"42101001400",10220.967772536,1843.72589873365,0.121910936972413,83839.6293750818,15123.54793197
"42101001500",8244.10945904802,1849.07446584049,0.0924461521907328,89177.4212737266,20001.6379483867
"42101001600",4280.46344260769,2012.20087373531,0.0763052569872689,56096.5733110874,26370.4094997155
"42101001700",5790.73527020763,2091.84507650909,0.0852484912672358,67927.7156009121,24538.2064293854
"42101001800",7977.54461658376,2230.34157712833,0.0934272411776339,85387.7789392925,23872.4974537969
"42101001900",10257.0672504326,2155.78562459408,0.126814059669409,80882.7292271193,16999.578991588
"42101002000",1306.23278224274,1944.08888287013,0.11176541287199,11687.2720162438,17394.3694468053
"42101002100",2935.19128477872,2175.07257658439,0.0917364902181463,31995.8969195239,23710.0042895923
"42101002200",3918.64409921638,2089.88270706168,0.0880055027655501,44527.2622287699,23747.1821805189
"42101002300",3387.201909205,1974.11313083691,0.0818933617965809,41361.1290939386,24105.8992759451
"42101002400",11672.3034919609,2039.41397149022,0.206665050733082,56479.3294780947,9868.20927997265
"42101002500",3262.44259546217,2104.82589186431,0.156091821847954,20900.7913216623,13484.536646094
"42101002701",3389.22379164275,2093.26714784542,0.0868429338237066,39027.0531223987,24104.0583923017
"42101002702",2522.04904878865,2123.48265968388,0.141815254962857,17784.046218788,14973.5841905022
"42101002801",4748.08905709003,2017.24858664502,0.0860340555658322,55188.4835122861,23447.0939836312
"42101002802",5766.92633888649,1917.28774611983,0.139809905819994,41248.3386285335,13713.5329208243
"42101002900",3413.10684950653,1878.33613335501,0.141776546981241,24073.8466423374,13248.5673642732
"42101003001",1937.06547725873,1582.72134697299,0.0874446054204622,22151.9151232336,18099.7025415433
"42101003002",1912.0740062,1836.72790937022,0.0875241908382399,21846.2345996874,20985.3743494163
"42101003100",1096.01291897476,2023.94924885197,0.152752439283359,7175.09274560016,13249.8653268476
"42101003200",1363.57125371052,1869.79054768707,0.189659647929463,7189.56967703353,9858.66296863776
"42101003300",3393.72610070675,2289.22831327551,0.435433639422243,7793.89967483848,5257.35291447162
"42101003600",1712.446260374,2059.90403162656,0.374527888238289,4572.2796997282,5500.00172568181
"42101003701",1353.23814576931,1878.33968927501,0.137199776400703,9863.2678658096,13690.5448285073
"42101003702",2548.83620813085,1588.27622082191,0.0955163432051477,26684.8177244026,16628.3189611923
"42101003800",1316.56915088884,1780.72232627959,0.417662004696365,3152.23586556782,4263.5487697143
"42101003901",4665.29300896679,1596.47743876112,0.161805665178821,28832.6926242718,9866.63499696851
"42101003902",4717.84528005455,1851.01651203201,0.175419818104991,26894.5968079323,10551.9235627309
"42101004001",2909.09991135795,1893.20798169884,0.122840432823217,23681.9412346463,15411.9286149325
"42101004002",1803.78376367383,1902.3836229685,0.133173283465935,13544.6368575513,14285.0245443946
"42101004101",2670.89717474426,2034.8272064197,0.144107005151745,18534.1244995814,14120.2518522747
"42101004102",7122.90281364682,1972.14328443142,0.151165040518977,47120.040382304,13046.2921695433
"42101004201",4485.7606269863,2088.49019365539,0.140266809432176,31980.200056916,14889.4111309008
"42101004202",3505.21103148665,2047.46168768076,0.173784556864264,20169.8648875023,11781.6089336405
"42101005000",NA,1639.13881327093,3.05310790176884,NA,536.875494089575
"42101005400",217.104358050235,1684.20608960865,0.914929887164655,237.290705108603,1840.80344651104
"42101005500",2632.68932626344,1668.59308455556,0.45709731628138,5759.58167438201,3650.41102872809
"42101005600",174.826481035424,1758.57290080528,0.322705782666711,541.751931405532,5449.46200304543
"42101006000",3030.53546212087,1770.96868685498,0.418590586368647,7239.85574642597,4230.78956987176
"42101006100",1777.97545097526,1885.32340734423,0.205197897743762,8664.68648326742,9187.8300317604
"42101006200",2008.22464015084,1747.95847499391,0.196489664081683,10220.5103232097,8895.93090386299
"42101006300",1889.7503749775,1530.86871475124,0.214138139179626,8824.91265786297,7148.9773872888
"42101006400",1800.61635043651,1666.53958650277,0.250743090742545,7181.12050507239,6646.40282437101
"42101006500",1393.67437963421,1924.55968076835,0.434952553617385,3204.19863739939,4424.75774601687
"42101006600",1499.75422197848,1897.57837374874,0.251215254113187,5969.99663604328,7553.59534375157
"42101006700",2551.29806572682,1963.53652449175,0.386341492229767,6603.7381876899,5082.38582700298
"42101006900",734.014122582554,2135.3163461468,0.312306028998004,2350.30404292081,6837.25624189102
"42101007000",673.596147518841,2098.59975151893,0.180578885131875,3730.20437592646,11621.5123932477
"42101007101",1004.78645277029,2079.95099094948,0.0977149922737753,10282.8279406205,21285.8942374158
"42101007102",1136.13449132458,2045.25299934307,0.16043728584885,7081.48660901022,12747.9905217914
"42101007200",3364.3289967078,1979.22542997829,0.193581893155273,17379.3578617874,10224.2280913677
"42101007300",571.415360849901,2079.63649573733,0.149788500807391,3814.81460706166,13883.8194155604
"42101007400",1476.8906569303,2184.93759639053,0.259832000951346,5684.0214120002,8409.0396425022
"42101007700",8958.14271386153,2161.06238725636,0.126351599776055,70898.5302104516,17103.5617363502
"42101007800",4712.53928246323,1907.47583064466,0.164884903605751,28580.7807713626,11568.5292524144
"42101007900",6423.07590034133,1983.42923769409,0.145875244048159,44031.2949757315,13596.7500903668
"42101008000",2510.24763519591,2035.23620638876,0.166364804748562,15088.8142416289,12233.5743396252
"42101008101",365.078828044563,1910.93488758398,0.0938595706206374,3889.62815012379,20359.5102230716
"42101008102",1747.00246022457,1841.5733376774,0.139859368782634,12491.1364567912,13167.3219585277
"42101008200",1671.21318893882,1799.18012809177,0.324859413353129,5144.41977127559,5538.33459686768
"42101008301",694.166086047996,1643.5072871602,0.203399226804103,3412.82558913835,8080.20420226618
"42101008302",1574.63053367902,1339.32211157497,0.164096162699423,9595.77913204034,8161.81249788409
"42101008400",3590.18482158541,1668.83877143254,0.193619397749122,18542.4852226703,8619.17137865962
"42101008500",5099.61114932605,1967.32161783232,0.239945050657292,21253.245838397,8199.05062614607
"42101008601",6310.55289486292,2196.77484152129,0.0996052262627153,63355.6403779299,22054.815032769
"42101008602",736.281735399294,2153.38283632767,0.140270682743601,5249.0065707111,15351.6244036811
"42101008701",12429.8044095288,2302.71632770062,0.0996787487371042,124698.640051266,23101.3767415347
"42101008702",13187.5907961925,2518.93329347038,0.109114706631123,120859.884092206,23085.1859592674
"42101008801",18400.8916693632,3611.24353877977,0.0714039909127561,257701.165357075,50574.8137130334
"42101008802",50044.3405624651,3546.09325178541,0.151957506529169,329331.151224561,23336.0847567258
"42101009000",26722.9664817703,2377.82845697058,0.165713977328788,161259.580588969,14348.9915292589
"42101009100",5637.86624216181,2695.48468648021,0.164202269466501,34334.8862380493,16415.6360033144
"42101009200",4029.18291357556,2489.55963510966,0.197221446471497,20429.7402014941,12623.1689283825
"42101009300",1288.79557754297,1921.77573059888,0.154717885491629,8329.97150554193,12421.1607759005
"42101009400",4863.02129654289,1711.56791396881,0.141486764562646,34370.8566068009,12097.0178324417
"42101009500",1756.92706993892,1371.40635491165,0.122749033798627,14313.1641493912,11172.4411384083
"42101009600",1796.2398257737,1647.19487826311,0.155267731343467,11568.661499924,10608.7392661091
"42101009801",667.136488569623,1516.08320160479,0.113080834684444,5899.64241448422,13407.074734065
"42101009802",2241.99858782226,1448.33143820637,0.232374015416445,9648.23275874584,6232.75987037864
"42101010000",1800.2000535332,1563.8076405115,0.191946925889069,9378.63445947334,8147.08354024522
"42101010100",1988.53693210729,1616.17719612506,0.232472563814065,8553.85641850514,6952.12015391932
"42101010200",1731.51977907079,1400.88403247388,0.139215018232149,12437.7369701836,10062.7364077762
"42101010300",1255.13369072722,1823.59174564859,0.108331448965793,11586.0509825134,16833.447378927
"42101010400",931.838633469275,1969.56211772271,0.182792127719255,5097.80505920069,10774.8738542379
"42101010500",1685.41475983445,1949.63156341832,0.255305952808676,6601.54900930761,7636.45164544738
"42101010600",626.315263319933,2272.70037171612,0.102305660938953,6122.00006892737,22214.8056212868
"42101010700",1761.44139541947,1937.57552036153,0.177223440137969,9939.09944445375,10932.9528805733
"42101010800",2700.50340417196,2403.85323998139,0.227161135128048,11888.0520765567,10582.1501491722
"42101010900",2508.58923672198,2343.16614474951,0.0948855433651693,26438.0552374308,24694.6590771133
"42101011000",1518.86289680991,2381.10293823488,0.180447104141618,8417.21957265594,13195.5730160466
"42101011100",1517.60521422252,1673.13361518436,0.50082213948018,3030.22788848292,3340.7740658609
"42101011200",1754.26779285296,1601.74584452722,0.194095998201602,9038.1450885497,8252.33832417056
"42101011300",788.207986527711,1640.3585616868,0.128538336534202,6132.08485328408,12761.6289887984
"42101011400",3103.60036475276,1627.65297330191,0.37780753246427,8214.76571552018,4308.15384406303
"42101011500",1013.56723173221,1553.17788406776,0.142418402484651,7116.82769957654,10905.7387035018
"42101011700",2583.61249906067,1315.14289249468,0.251287702999976,10281.4919640573,5233.61420711783
"42101011800",1267.82616548887,1472.62766091704,0.354945954911224,3571.88509390387,4148.87855613219
"42101011900",2083.13618253997,1294.3691893625,0.268326890885685,7763.4268248852,4823.85192587328
"42101012000",1976.35926966873,1088.81928497205,0.230564079886004,8571.84376094444,4722.41506790819
"42101012100",1207.35320951226,1252.20525829592,0.342915686898776,3520.84566451651,3651.64180624247
"42101012201",1140.19716128395,1618.22376143177,0.15424040679636,7392.33761740089,10491.56829292
"42101012203",174.249409638338,1601.94449795542,0.081474583086153,2138.69654851848,19661.8925470474
"42101012204",1113.98612269615,1467.08219527054,0.341153778053047,3265.34892579419,4300.35453115344
"42101012500",19971.4859494498,2054.59087670105,0.344038371739292,58050.1699519261,5971.98174818127
"42101013100",1622.43300934229,1947.28688715291,0.124085233223183,13075.1497756719,15693.1395990566
"42101013200",1371.47272536263,1826.70096042771,0.164145865579871,8355.20724520038,11128.5225124288
"42101013300",6808.02402846136,2392.01196848501,0.141206932344607,48213.1005568959,16939.7630043222
"42101013401",5607.74264175422,2063.69592002581,0.0632757438195181,88623.8912931506,32614.3288953205
"42101013402",6776.59530910414,2141.08129515295,0.092005541222032,73654.2084215401,23271.221132062
"42101013500",4851.17314026515,2097.65203612583,0.153382622731735,31627.9188206985,13675.943198563
"42101013601",5044.86377132122,2099.74157454396,0.0650826101608074,77514.7732836202,32262.7130251212
"42101013602",4745.67503690095,1895.36818571304,0.0904133279208971,52488.6667268011,20963.371543754
"42101013700",3422.82209357437,1817.02795848706,0.229236375128758,14931.4090822271,7926.43819056405
"42101013800",1637.53691352773,1969.30202396602,0.136070859040682,12034.44238592,14472.6213816086
"42101013900",2677.50958474552,1952.32592431783,0.212862461787757,12578.5897722786,9171.77180006717
"42101014000",4306.07790629664,2116.07315240652,0.169547538545138,25397.4663580873,12480.7070073929
"42101014100",2187.70372034948,2017.20427594257,0.21713405417733,10075.3597985271,9290.13315569168
"42101014200",3322.98989098572,1737.4749046291,0.408554489554628,8133.52924993719,4252.73727018189
"42101014300",931.295076640243,1736.36634614679,0.335161790427254,2778.64333954374,5180.68107922842
"42101014400",2156.0963046749,1781.89326093474,0.23546498040358,9156.75996056574,7567.55105528059
"42101014500",1578.86493866014,1977.87538359282,0.124001329796779,12732.6452163673,15950.4368770422
"42101014600",8341.6855085828,2129.11250542474,0.171613506525554,48607.3950557072,12406.4390299472
"42101014700",4992.12463361843,2189.05273218612,0.130574492950453,38232.004741636,16764.7806453038
"42101014800",286.474605985121,1603.68636074636,0.0735773218514166,3893.51771410806,21795.9327737544
"42101014900",2147.42226948915,1946.47305198192,0.174749061375247,12288.6054585317,11138.6752905194
"42101015101",784.056528046306,1689.35163676298,0.0743562339685568,10544.5970862088,22719.7041404405
"42101015102",1519.08619411153,1942.3325164149,0.214920375043795,7068.13485599948,9037.45173541179
"42101015200",2530.0490855158,1931.3438271547,0.259247993485497,9759.18483109621,7449.79276864776
"42101015300",13967.2548877805,1931.70718324199,0.180617439418098,77330.5995964694,10695.0203118007
"42101015600",1088.29617197394,1944.35482963947,0.165704409879609,6567.69589152534,11733.8749828814
"42101015700",1980.54900632448,2133.57591534394,0.187737433782217,10549.5689720677,11364.6803003549
"42101015800",4051.27248832067,1635.78772752496,0.223558104635967,18121.787599325,7317.05848995549
"42101016000",4495.71764592247,1622.95510514198,0.279719084727587,16072.2592464535,5802.08928798172
"42101016100",3379.15642703651,1780.41681214351,0.272472502272188,12401.8255011321,6534.29904778044
"42101016200",1675.09552044921,1905.38357300303,0.141343539615925,11851.2351183575,13480.5140594367
"42101016300",2449.35524270111,1781.97381942589,0.220300116003194,11118.2657873208,8088.84648703523
"42101016400",2193.08997042903,1870.48923026332,0.186889013881004,11734.7185095931,10008.5563694734
"42101016500",2088.04593672132,1882.02709006964,0.151165406569738,13812.9879322491,12450.117608101
"42101016600",1706.53404922951,1887.70696096995,0.101197474753064,16863.4054692935,18653.6963059228
"42101016701",1255.67423062121,1938.26727395098,0.0958506982363894,13100.3138602542,20221.7334835765
"42101016702",1103.8095379975,1923.75790514352,0.137238141104243,8043.02309194837,14017.6622159453
"42101016800",746.891145666431,1932.7071140757,0.226342469696001,3299.82767559962,8538.86200266132
"42101016901",1123.83325973699,1902.88985316555,0.196703537043123,5713.33528939345,9673.89748944056
"42101016902",1542.15552737314,1846.29833029518,0.216847205430482,7111.71501754738,8514.28233363642
"42101017000",805.148805443459,1711.77720296931,0.62471615795812,1288.82340433627,2740.08792819485
"42101017100",2114.24861193179,1607.53416834346,0.441647353360613,4787.18732455637,3639.85916843223
"42101017201",1288.27160546435,1804.6180271545,0.101464104908179,12696.8212712287,17785.7778254448
"42101017202",857.559270669029,1806.25553845214,0.110916817053239,7731.55318960705,16284.77616325
"42101017300",1112.08892952566,1852.43763242546,0.338230889259286,3287.95791526047,5476.8434559074
"42101017400",1296.91042676236,1845.83755151617,0.136571066829279,9496.23120674284,13515.5827245866
"42101017500",2872.82472057467,1810.23571028779,0.279997118447436,10260.1938780809,6465.19407172978
"42101017601",2066.99543687585,1766.73270975695,0.222937733420447,9271.6266787266,7924.78098099708
"42101017602",2049.71410732691,1712.61301698369,0.154346447636755,13279.9564791461,11095.9017405715
"42101017701",1933.20288911293,1402.56672669108,0.0929891047982606,20789.5633935503,15083.1296820627
"42101017702",1976.89180095315,1591.65137907222,0.189928430266041,10408.6144353641,8380.2692247955
"42101017800",4813.53811039435,1599.82081988989,0.257005070599818,18729.3507445598,6224.86091872081
"42101017900",5221.52024907756,1566.84321392174,0.274476205537894,19023.5807101927,5708.48467848489
"42101018001",1445.72119934487,1557.57369577727,0.150008774689868,9637.57755060521,10383.2172417742
"42101018002",2081.24061246739,1542.59624193361,0.169341124658052,12290.2255235993,9109.40118679711
"42101018300",1760.40131460404,1613.35639745875,0.741273865749657,2374.83256316305,2176.46469409406
"42101018400",975.278801886348,1628.77721309225,0.895820181782272,1088.69929671152,1818.19660487189
"42101018800",6005.83428088798,1333.61528932731,0.26051372489426,23053.8114002465,5119.1747761797
"42101019000",5458.51742673765,1140.14192640126,0.304466026384006,17928.1658829584,3744.72626697358
"42101019100",3136.43528532421,1004.67299890575,0.556776598164892,5633.20242923598,1804.44544942641
"42101019200",4974.77057767508,1196.96437983107,0.255892960857059,19440.8261994122,4677.59791368269
"42101019501",1890.43335945233,1694.55266991802,0.15179478024881,12453.8759261266,11163.4449296639
"42101019502",2654.3554017879,1652.06563636762,0.141531329900184,18754.5429245942,11672.7910175984
"42101019700",3052.39108106121,1671.14442008548,0.173909523296953,17551.6039788644,9609.2749172337
"42101019800",4438.38099437335,1658.74871904997,0.208392321738974,21298.1983085382,7959.74009602747
"42101019900",2632.44661883541,1710.39835071218,0.25509544824129,10319.4574304808,6704.93480971229
"42101020000",265.663495382145,1749.97563815377,0.121890957846629,2179.51766132168,14356.8946299995
"42101020101",1434.95935308077,1734.83017833968,0.18802659852235,7631.68277444644,9226.51471639248
"42101020102",1311.35122920961,1622.88082443446,0.141426129268682,9272.34052144848,11475.113070169
"42101020200",1035.33694671459,1744.54365378806,0.292353968585831,3541.38153732855,5967.23096398087
"42101020300",986.514631034494,1617.07402528241,0.196782985791373,5013.21101042946,8217.55000199467
"42101020400",886.403631686118,1717.68220478068,0.156406122302825,5667.32055392253,10982.1928930314
"42101020500",1293.42964924811,1745.10893852438,0.553569248087348,2336.52727949949,3152.46727406544
"42101020600",1338.56004625085,1763.43984691757,0.521771959212472,2565.41200157858,3379.71371550742
"42101020700",3838.45717091953,1702.99304133543,0.594169222634691,6460.20868246739,2866.17511722325
"42101020800",1984.45844719771,1705.54483502038,0.338322059747766,5865.58987219814,5041.18719391795
"42101020900",982.062591964741,1117.90471175721,0.201413442079995,4875.85427180524,5550.29843198457
"42101021000",3977.19595752891,1613.90223172892,0.349909492483304,11366.3562805993,4612.34195241481
"42101021100",1131.32644359918,1642.54314535876,0.207986919106127,5439.41151905763,7897.3387000393
"42101021200",1275.86251857198,1722.59324641225,0.197911468136972,6446.63258062927,8703.85765225117
"42101021300",2574.58570481493,1710.75633492411,0.208087682469577,12372.6002147741,8221.32436971242
"42101021400",1852.22111617706,1695.79277418216,0.256372031823384,7224.73938753609,6614.57789338892
"42101021500",1579.12602207282,1726.58044616162,0.398514701040754,3962.52890532971,4332.53890421737
"42101021600",677.261410017166,1733.79553245506,0.826207736811894,819.722909677086,2098.49830158368
"42101021700",1418.64509701167,1738.0000124917,0.59820191296425,2371.51548042015,2905.37354499495
"42101021800",829.118505493387,1727.00141390373,0.374808696742436,2212.11117217791,4607.68767884408
"42101021900",466.346997216552,1729.40241040792,0.55615443864915,838.520678445483,3109.57225228388
"42101022000",354.859194803006,1714.72237362952,1.17283386802733,302.565610080709,1462.03347326048
"42101023100",777.531040874074,1673.55829990657,0.28268314582261,2750.53908364948,5920.26204829616
"42101023500",284.998094074463,1750.19024208685,0.300276269757653,949.11960343879,5828.59992066437
"42101023600",2313.33119302833,1756.01022361287,0.369943556379535,6253.20039540038,4746.69768760976
"42101023700",2137.92650022152,1755.0427771853,0.411770270891243,5192.03704433094,4262.1891410146
"42101023800",1349.37579485175,1763.60283895591,0.301876558326406,4469.95885448226,5842.13245550852
"42101023900",899.640548827565,1762.87454115323,0.188195102262995,4780.36111466042,9367.27109236712
"42101024000",1873.06154036331,1770.09604862581,0.242805047690048,7714.26112505847,7290.19460454306
"42101024100",292.014372912052,1765.76169278868,0.157822133614816,1850.2751561118,11188.3019976034
"42101024200",1186.35065155181,1764.21259683212,0.200450149610664,5918.43235765135,8801.2535797991
"42101024300",971.420508370438,1768.00398829857,0.259804880067915,3739.0387282814,6805.1223203983
"42101024400",901.38655809061,1756.32603735261,0.163154934489952,5524.72752913348,10764.7742487419
"42101024500",1626.00812390182,1740.49878615916,0.305919714973771,5315.1465705348,5689.39725348656
"42101024600",2511.42602519939,1757.31055290732,0.23861721252713,10524.9156110809,7364.55905379215
"42101024700",2518.93636367911,1738.67380521129,0.365781085187288,6886.45877462296,4753.31796973878
"42101024800",935.576743363277,1741.27795576212,0.122183835755831,7657.12369050934,14251.2955579643
"42101024900",1170.13986119248,1729.59759248719,0.125473491178919,9325.79344208985,13784.5657774905
"42101025200",1666.42021170289,1755.15296527466,0.366576121034393,4545.90497329896,4787.96316661879
"42101025300",1420.9655756547,1749.03135826637,0.223987675066652,6343.94537660103,7808.60535181642
"42101025400",1812.55157248704,1741.30245535329,0.298986936879237,6062.31025143128,5824.00847852631
"42101025500",682.073474991148,1736.23528066248,0.295721634262943,2306.47134319796,5871.18113623941
"42101025600",1567.89162490292,1718.77145731518,0.338421637360892,4632.95325065437,5078.78713287556
"42101025700",1757.44879539813,1658.7357110408,0.284521448003113,6176.85874907714,5829.91448512047
"42101025800",536.85139920123,1718.60110721699,0.228141157229385,2353.15453695824,7533.06035652752
"42101025900",2479.57395840748,1720.0743639163,0.211121222023109,11744.7878268537,8147.33046461823
"42101026000",944.430309824051,1726.54671279349,0.209703334441392,4503.64946432456,8233.28211443401
"42101026100",1863.63807367493,1729.3375877806,0.249534466143919,7468.45957784476,6930.25542524935
"42101026200",832.663775556238,1734.63234429531,0.214306388809893,3885.38941923415,8094.17000551517
"42101026301",1500.09929764756,1728.52060234134,0.156329641911553,9595.74447497476,11056.896064019
"42101026302",2446.33114027363,1726.88884254799,0.272649411288535,8972.44240767779,6333.73398602535
"42101026400",961.545645694834,1732.42778377803,0.306888459090461,3133.2088816393,5645.13826591102
"42101026500",896.440439299722,1725.03785365578,0.209509236198758,4278.76334029152,8233.70790211494
"42101026600",1741.81604227318,1716.90917400662,0.352434050910166,4942.24674878863,4871.5757446611
"42101026700",2258.05016759189,1710.78482995207,0.248722913027965,9078.57720103982,6878.27594621216
"42101026800",822.342412989767,1696.53056439211,0.299352270416926,2747.07257721627,5667.33822338897
"42101026900",1187.13767774033,1687.89288552495,0.236848160786658,5012.23093224546,7126.47664190784
"42101027000",881.674810827573,1675.90108094153,0.248292762677709,3550.94849048022,6749.69766685023
"42101027100",668.476201278759,1668.3547502946,0.159314812412633,4195.9450672256,10472.06298667
"42101027200",1611.27679297749,1647.46073056099,0.258675071687556,6228.9604578662,6368.84226923459
"42101027300",3794.8844796523,1611.03651536326,0.366333783645941,10359.0895764067,4397.7284850155
"42101027401",1493.77955197397,1645.61661195966,0.126083077945572,11847.5815812398,13051.8435841965
"42101027402",2610.80550362133,1634.45260028913,0.19682757427102,13264.4296069331,8303.98182948992
"42101027500",1325.89509872895,1650.61319416117,0.233790013364794,5671.30768182167,7060.23824715575
"42101027600",729.614500119059,1632.38812262488,0.255445656787989,2856.24155561437,6390.3537963838
"42101027700",2218.67566007187,1704.78366715103,0.206089139071785,10765.611764233,8272.06942990439
"42101027800",1529.13606834316,1591.390061408,0.284565144671095,5373.58877915482,5592.35764185862
"42101027901",1454.75880575449,1702.40822238626,0.160990225599372,9036.31757976845,10574.6061044895
"42101027902",7172.24294905683,1684.02618700269,0.344462844862394,20821.5285219571,4888.84711985533
"42101028000",1355.34474794662,1728.06954461419,0.278809439806291,4861.18672627538,6198.03097705303
"42101028100",821.731707408306,1678.46252885468,0.19217598262436,4275.9334240768,8733.98697346854
"42101028200",1601.44346249414,1597.06639629729,0.326154590499772,4910.07488209877,4896.65466259444
"42101028300",1481.37997230744,1691.34849825673,0.258169719982482,5738.00820796475,6551.30469356163
"42101028400",2524.46406147743,1668.93259341782,0.195258119691854,12928.855739579,8547.31468300339
"42101028500",1135.79671011389,1647.34807914775,0.103182852276624,11007.6111006209,15965.3279861983
"42101028600",2542.86073183441,1604.63465417307,0.276796445597575,9186.753559442,5797.16495531158
"42101028700",1768.76571585925,1617.75461532871,0.130447286973215,13559.2372743056,12401.5964828835
"42101028800",2041.5490211435,1517.16728779403,0.172752755539915,11817.7508356548,8782.30441565077
"42101028901",2362.49343445082,1030.03021909217,0.228485484632521,10339.7965881749,4508.07726691609
"42101028902",2043.40784370952,1114.54006145141,0.315223528162604,6482.40902454292,3535.71342833423
"42101029000",2728.86707498753,1526.08521310433,0.315677922319173,8644.46602708076,4834.31087575818
"42101029100",1961.43665828333,1556.9084583047,0.523419590678231,3747.35048747747,2974.49405034172
"42101029200",1718.5807383176,1298.49289730174,0.676997848831791,2538.53205188634,1918.01628253676
"42101029300",1344.73742053452,1315.64043563773,0.263890299950502,5095.81981901855,4985.55815005139
"42101029400",1368.4837241405,1454.49408615041,0.252429320445464,5421.2550337874,5761.98550779937
"42101029800",1730.13115842701,1393.00091547905,0.250435733462536,6908.48360378187,5562.30892540514
"42101029900",1849.15885163078,1253.40734727648,0.231628754619779,7983.28711245801,5411.27697782582
"42101030000",4635.51357162584,1660.33876965984,0.348307113983895,13308.6962210028,4766.88159098759
"42101030100",1718.76463709644,1498.92614995466,0.278882324121276,6163.04616117948,5374.76211401203
"42101030200",3729.49305132405,1690.2859512808,0.348440817117512,10703.3759195504,4850.99870119623
"42101030501",2759.15309091443,1594.80623768316,0.145941465074434,18905.8886691811,10927.7115785412
"42101030502",3608.36134860155,1613.89091021091,0.26726861979276,13500.8791956178,6038.4601509235
"42101030600",3256.93954884093,1603.03917600824,0.388307278112379,8387.53155664094,4128.27486469185
"42101030700",1987.80243372356,1588.73350664893,0.252696011192258,7866.37835850598,6287.13329962373
"42101030800",1231.27527000549,1546.49802519459,0.305158345458421,4034.87333160042,5067.85427372593
"42101030900",2131.65045065567,1570.6762238754,0.248247172464757,8586.80656658153,6327.06591692757
"42101031000",2935.01787400321,1430.53138862712,0.410347207562114,7152.52308268464,3486.14871080993
"42101031101",3249.58464995747,1541.4732179802,0.135092976160128,24054.4308247801,11410.4616079601
"42101031102",1766.70109416933,1574.59770409998,0.153300594027064,11524.4243206092,10271.3085627183
"42101031200",2735.67600557228,1575.51378504438,0.165503737158155,16529.3911336761,9519.50579544206
"42101031300",2527.38440275841,1510.16984151452,0.277134494742586,9119.70343174331,5449.23086141707
"42101031401",2303.17624481671,1151.99742300222,0.229526404815165,10034.4718363512,5019.01915786076
"42101031402",1837.51230074272,1326.73603586063,0.217682656966581,8441.24344285645,6094.81735636989
"42101031501",1329.67766275915,1541.11189423571,0.226516062527534,5870.12527024444,6803.54354141386
"42101031502",1505.26057500465,1500.21544553942,0.223073693483841,6747.81751042145,6725.20108538969
"42101031600",1790.54760935227,1562.1540975366,0.278342497680628,6432.89337514949,5612.34490081005
"42101031700",3343.48633857406,1592.83570006054,0.335053757286847,9978.95491651398,4753.97056567516
"42101031800",866.595319271385,1615.50344783594,0.178892805124208,4844.21561096153,9030.56691807293
"42101031900",2168.69281412179,1582.33565068121,0.296791844998794,7307.11726304544,5331.46606736327
"42101032000",2674.03826724389,1584.34323969611,0.262669731376579,10180.2299535238,6031.69322705365
"42101032100",2601.80145883769,1558.69502548659,0.212987373662633,12215.7544557495,7318.25083657554
"42101032300",1622.38092632426,1602.25414447433,0.231667264725667,7003.06505645254,6916.18708569669
"42101032500",2028.28214477566,1596.31182574165,0.32473805374181,6245.9022630846,4915.69068468592
"42101032600",1981.98748357944,1568.4536276487,0.309746271203026,6398.74525650166,5063.67234561686
"42101032900",1714.50525928656,1515.31380367237,0.36598678904189,4684.60969253817,4140.3510974789
"42101033000",2832.56647452415,1551.36230076251,0.282795916826568,10016.2919829613,5485.80162744685
"42101033101",1569.02449428903,1536.41386595951,0.18757174409059,8364.92991999504,8191.07309263743
"42101033102",1171.18730185891,1438.44404040233,0.274155422756829,4271.98298717489,5246.81958116221
"42101033200",894.112292519487,1498.16236689287,0.319712206854252,2796.61606079085,4685.97174200435
"42101033300",1256.85352268456,1463.66991332924,0.387857315194978,3240.50488013288,3773.73290637421
"42101033400",2508.14257138747,1366.16726872677,0.473632044018525,5295.55084598408,2884.44856292987
"42101033500",1513.22151960059,1227.94473911806,0.363577364731518,4162.03445645749,3377.39600490485
"42101033600",2920.25107700931,1441.99965479596,0.442697011492495,6596.50054371061,3257.3060521336
"42101033701",1283.96894525746,1453.65711192532,0.372885029364853,3443.3373403177,3898.40566783112
"42101033702",1474.7485796989,1449.05566759371,0.402061725091532,3667.96560742797,3604.06270272015
"42101033800",1775.07367594089,1510.96750614002,0.539609026229543,3289.55519581283,2800.11532923704
"42101033900",1320.32923635273,1586.88932180776,0.440771837786935,2995.49363902637,3600.25116344853
"42101034000",1833.75002586598,1503.91397041512,0.294212777416868,6232.73415235719,5111.65416954083
"42101034100",2984.39364945712,1537.16546291795,0.515317949655426,5791.36366480669,2982.9457016698
"42101034200",867.119601109838,1373.28036813198,0.383896920015886,2258.73028904206,3577.21121616489
"42101034400",1698.86776375414,1157.72802510904,1.3170006491973,1289.95210806432,879.064126365208
"42101034501",1254.54804866309,1425.43733590153,0.175567015356935,7145.69331894459,8119.04977141384
"42101034502",1329.53213630809,1388.09791680903,0.381876899078633,3481.57256832215,3634.93555163493
"42101034600",704.152188084285,1364.02882509513,0.719658896555922,978.452696762524,1895.38242578946
"42101034701",1649.50188291192,1435.1025938338,0.446007706127245,3698.37081344357,3217.66322446539
"42101034702",1467.99553149079,1411.66757841055,0.386227838675782,3800.85375648723,3655.01250052451
"42101034801",1256.11169511709,1091.54180889987,0.541607274775921,2319.22973271875,2015.37508769888
"42101034802",808.56713851996,1141.45054056945,0.479884160977989,1684.92149620468,2378.59598917208
"42101034803",777.090882388406,1038.98452937572,0.491554800839097,1580.88351708068,2113.66978331235
"42101034900",2669.35129555798,1189.17400460184,0.749005093998494,3563.86267189172,1587.67145127618
"42101035100",200.536257658281,1505.54185131135,0.584743830744222,342.947196899969,2574.70326689073
"42101035200",1789.37448419939,1374.54232594345,0.737779762448203,2425.35045724437,1863.07946612991
"42101035301",1639.12925651603,1337.59033598244,0.542385640239058,3022.0734748685,2466.12416839224
"42101035302",1224.88993470757,1096.90383183742,0.586297246585348,2089.19612336822,1870.90053420155
"42101035500",2141.42277511429,1395.52966558119,0.884433576722133,2421.23640652674,1577.87956304562
"42101035601",921.349691369131,1324.31217507243,0.78852839209788,1168.44199980914,1679.47303907359
"42101035602",320.429226643665,1394.56029105772,0.540626558257201,592.699751334122,2579.52605131594
"42101035701",1265.17591506828,1034.03091526048,0.22739303780641,5563.82872260751,4547.32882429229
"42101035702",1396.58569945413,1387.24713145896,0.604589557810877,2309.97323954939,2294.52711105689
"42101035800",1877.91643583079,1481.02988013331,0.67874015413884,2766.76784831365,2182.02779237717
"42101035900",1823.22236660182,1304.25577665429,0.86574391698637,2105.96035482225,1506.51451435474
"42101036000",795.353646838392,1435.64478884522,0.793054808874719,1002.89871259584,1810.27184096177
"42101036100",1526.28616002226,1532.86677266882,0.47339862480769,3224.10349341907,3238.00427872287
"42101036201",1161.07936625868,1468.28428835695,0.40096149978174,2895.73778752001,3661.90841054863
"42101036202",1550.08857237773,1525.65783621687,0.43305001465933,3579.46777486463,3523.05226780113
"42101036203",1643.66857949736,1527.32892442125,0.5978909664382,2749.11091112339,2554.52751447303
"42101036301",964.218926344037,1589.41789602569,0.928234965023189,1038.76600502756,1712.30125551883
"42101036302",954.984444341184,1559.98109759978,0.192202839892767,4968.62816841824,8116.3269932438
"42101036303",1603.55121557371,1598.81735606813,0.998726679542517,1605.59565336558,1600.85575845485
"42101036400",94.546803652968,1574.15976833354,1.73460377049294,54.5062827956955,907.503947075009
"42101036501",1954.77354971683,1569.29834725378,0.703026325036173,2780.51259263477,2232.20424522942
"42101036502",1089.88742038356,1574.09505377872,0.680487402802499,1601.62762145927,2313.18764652514
"42101036600",1995.73239101357,1945.64866778234,0.965223773545022,2067.63700368024,2015.74880469061
"42101036700",4321.1009172483,1706.19762557898,0.312687953598671,13819.2113495819,5456.55055125294
"42101036900",27929.5385226166,2806.71570649911,0.789931378900327,35356.9174090762,3553.11332283872
"42101037200",2864.20247790943,1786.2302629154,0.397597690633058,7203.77040759223,4492.55693631256
"42101037300",1640.11058304274,1615.25218182458,1.06057785285683,1546.43110699026,1522.99256247304
"42101037500",3327.37988267367,1608.9428151684,0.401939906115192,8278.30188555619,4002.94370051252
"42101037600",10013.1873220262,1551.51450394227,0.279410562680843,35836.8245851311,5552.81263906438
"42101037700",12127.1247390093,1849.87215403893,0.284448000908097,42633.8898508464,6503.37547858743
"42101037800",1039.11234777074,1620.7156769969,2.21547913459889,469.023757228421,731.541837468184
"42101037900",3288.88259010969,1396.76957414875,0.5309910392259,6193.85704682391,2630.49556577267
"42101038000",936.860720211579,1485.21635475991,0.334811688650102,2798.17208290674,4435.97522161795
"42101038100",203.793271916555,1607.01339072643,1.92459830625543,105.888730783029,834.986389369266
"42101038200",828.565566219236,1386.61915845554,0.710071132133816,1166.87685039291,1952.78908788848
"42101038300",1019.98057233685,1489.38216525442,1.181567777545,863.243388759392,1260.51352580804
"42101038400",1045.71481749567,1702.81332231863,0.989085478547769,1057.25424159603,1721.60380396929
"42101038500",1335.31780219925,1581.57860655399,0.522357643955258,2556.32863355519,3027.76962270214
"42101038600",563.488593231179,1720.00149535334,1.30053160111725,433.275587265315,1322.53725620795
"42101038700",3781.40847262456,1609.91320831055,0.806715963002443,4687.41000060402,1995.63821982492
"42101038800",2011.63029725446,1735.36961486675,0.541906651730403,3712.13435161015,3202.34049411538
"42101038900",1808.57151883895,1741.76475515709,0.492486999752909,3672.32337045719,3536.67153860095
"42101039000",5730.21689412244,1554.85737848754,0.782039203165661,7327.27575667149,1988.20899539761
"42101980000",3179.21634299188,1880.32047987025,4.0288115048961,789.120150974616,466.718405064408
"42101980100",16.4204941373567,1708.04805158531,2.20000594171109,7.46384081335045,776.383381154349
"42101980200",311.70620132893,1306.40002762164,2.11506541140942,147.374260695426,617.66412545657
"42101980300",NA,1399.26571400662,2.93515620797057,NA,476.726148409697
"42101980400",NA,NA,1.13188239320103,NA,NA
"42101980500",NA,1688.36380056106,0.161803123575974,NA,10434.6798952141
"42101980600",NA,1683.08731109424,0.486811107958374,NA,3457.37244606621
"42101980700",NA,2004.05442751646,2.95434568503091,NA,678.341210262093
"42101980800",NA,1454.34117492347,0.833754058278751,NA,1744.32875076602
"42101980900",NA,1975.62950386992,8.00034481727056,NA,246.943044205429
"42101989100",0,1528.08613532117,1.65881908834524,0,921.189143564481
